OBJECT_NAME,OBJECT_ID,EPOCH,MEAN_MOTION,ECCENTRICITY,INCLINATION,RA_OF_ASC_NODE,ARG_OF_PERICENTER,MEAN_ANOMALY,EPHEMERIS_TYPE,CLASSIFICATION_TYPE,NORAD_CAT_ID,ELEMENT_SET_NO,REV_AT_EPOCH,BSTAR,MEAN_MOTION_DOT,MEAN_MOTION_DDOT,SEMIMAJOR_AXIS,SATELLITE_TYPE
CUTE-1 (CO-55),2003-031E,2024-12-31T22:55:56.846784,14.23737601,0.0008725,98.6776,11.3005,293.8546,66.1718,0,U,27844,999,11592,0.00062873,1.393e-05,0.0,7190.877184786641,CubeSat
CUBESAT XI-IV (CO-57),2003-031J,2024-12-30T11:53:16.911168,14.23107145,0.0008828,98.6804,9.9829,316.8669,43.1817,0,U,27848,999,11545,0.00054607,1.189e-05,0.0,7193.000799541442,CubeSat
CUBESAT XI-V,2005-043F,2024-12-31T08:06:46.766592,14.69783433,0.0016001,98.225,143.0623,94.5347,265.7687,0,U,28895,999,2339,0.00099531,5.903e-05,0.0,7039.8965305146185,CubeSat
CUTE-1.7+APD II (CO-65),2008-021C,2024-12-31T19:48:51.446880,15.01274184,0.0011784,97.7702,331.3677,53.0196,307.2105,0,U,32785,999,90508,0.0010726,0.00013768,0.0,6941.103127481313,CubeSat
AAUSAT-II,2008-021F,2024-12-30T16:59:13.873344,15.39440892,0.0004057,97.6043,349.3562,130.9842,229.1754,0,U,32788,999,90830,0.0025735,0.00101973,0.0,6825.898545447559,CubeSat
CANX-2,2008-021H,2024-12-30T15:50:39.171840,14.99077033,0.0013596,97.7953,328.7501,48.4298,311.8088,0,U,32790,999,90476,0.0010983,0.00013317,0.0,6947.883712407913,CubeSat
SEEDS II (CO-66),2008-021J,2024-12-31T16:02:11.554656,15.12036772,0.000549,97.7126,338.077,23.8385,336.3098,0,U,32791,999,90627,0.001627,0.00027992,0.0,6908.126355343242,CubeSat
SWISSCUBE,2009-051B,2024-12-31T15:26:40.078752,14.60509912,0.0008256,98.4477,253.7997,69.3645,290.8439,0,U,35932,999,81136,0.0009843,4.731e-05,0.0,7069.665008161548,CubeSat
BEESAT-1,2009-051C,2024-12-31T15:04:25.309344,14.60045994,0.0006696,98.4407,254.4097,80.7718,279.4238,0,U,35933,999,81142,0.0008501,4.037e-05,0.0,7071.162482078481,CubeSat
ITUPSAT1,2009-051E,2025-01-01T03:11:49.021728,14.58904949,0.000892,98.4504,254.588,86.2111,274.0107,0,U,35935,999,81114,0.0008306,3.846e-05,0.0,7074.849020259869,CubeSat
TISAT 1,2010-035E,2024-12-31T11:37:54.499584,15.10256456,0.0002529,98.0699,265.2486,312.42,47.6813,0,U,36799,999,78675,0.0016766,0.00027451,0.0,6913.55423385021,CubeSat
AEROCUBE 4.5A,2012-048K,2024-12-30T12:34:23.837664,15.21795555,0.0111027,64.6528,37.8514,317.9001,41.3633,0,U,38767,999,29021,0.0016017,0.00043329,0.0,6878.561646466735,CubeSat
AEROCUBE 4.5B,2012-048L,2024-12-31T19:00:57.813120,15.602712,0.0058234,64.6437,295.8758,305.5741,53.9983,0,U,38768,999,29182,0.0021886,0.00199707,0.0,6765.0100561592035,CubeSat
STRAND-1,2013-009E,2024-12-31T23:33:35.608896,14.36553485,0.0009299,98.3766,189.8964,27.9918,332.1767,0,U,39090,999,62065,0.00048346,1.379e-05,0.0,7148.04549448584,CubeSat
BRITE-AUSTRIA,2013-009F,2024-12-31T14:04:40.293408,14.36131145,0.0010945,98.3817,188.7842,35.6986,324.493,0,U,39091,999,62059,0.0003262,9.08e-06,0.0,7149.446832423751,CubeSat
NEE-01 PEGASO,2013-018B,2024-12-31T01:52:41.337408,14.88854579,0.0014985,98.0538,125.7846,115.1713,245.106,0,U,39151,999,63123,0.00097301,9.089e-05,0.0,6979.650142894519,CubeSat
ESTCUBE 1,2013-021C,2024-12-31T15:12:07.422336,14.78502856,0.0007665,97.805,67.0985,316.4533,43.6073,0,U,39161,999,62624,0.00088285,6.402e-05,0.0,7012.190878123518,CubeSat
POPACS 1,2013-055D,2024-12-31T01:21:51.270624,15.16778884,0.0319531,80.9799,281.3107,167.5622,193.3743,0,U,39268,999,59159,0.00085584,0.00067199,9.3746e-08,6893.720299250215,CubeSat
POPACS 2,2013-055E,2024-12-31T18:35:14.905248,14.67293262,0.0510976,80.9974,23.2779,75.9267,289.8161,0,U,39269,999,58446,0.00054243,0.00025944,0.0,7047.859306511136,CubeSat
POPACS 3,2013-055F,2024-12-31T12:41:59.207136,14.42945905,0.0603196,81.0079,81.3764,238.0422,116.0776,0,U,39270,999,56136,0.00054248,0.0002046,0.0,7126.918754987262,CubeSat
ZACUBE-1 (TSHEPISOSAT),2013-066B,2024-12-31T20:33:39.576384,14.93714349,0.0045169,97.7607,319.2531,223.8959,135.8669,0,U,39417,999,60104,0.0011367,0.00012228,0.0,6964.503153209536,CubeSat
WNISAT-1,2013-066H,2024-12-31T21:35:54.925728,14.56423419,0.0168399,97.6642,185.3311,107.8149,254.1501,0,U,39423,999,58920,0.00062095,3.299e-05,0.0,7082.8830704466045,CubeSat
TRITON-1,2013-066M,2025-01-01T01:31:56.260704,14.77223105,0.0097761,97.8422,279.0357,162.5977,197.8624,0,U,39427,999,59558,0.0010821,8.251e-05,0.0,7016.240170812453,CubeSat
DELFI-N3XT,2013-066N,2024-12-31T11:50:07.322784,14.84280922,0.0091025,97.8385,280.3747,165.2058,195.1852,0,U,39428,999,59529,0.0016651,0.00014993,0.0,6993.980832523326,CubeSat
GOMX-1,2013-066Q,2024-12-31T21:22:29.594784,14.6633573,0.0135178,97.7023,229.2567,343.68,16.0072,0,U,39430,999,59181,0.0012907,8.121e-05,0.0,7050.92718808555,CubeSat
CUBEBUG-2 (LO-74),2013-066AA,2024-12-31T13:59:05.142624,14.8731204,0.0065123,97.8344,306.7065,348.9371,11.0409,0,U,39440,999,59763,0.0015499,0.00014506,0.0,6984.475188387251,CubeSat
NEE-02 KRYSAOR,2013-066AB,2024-12-31T06:35:09.636576,14.82715386,0.007175,97.843,301.3308,15.2986,345.0374,0,U,39441,999,59711,0.0009873,8.286e-05,0.0,6998.9030641541185,CubeSat
FUNCUBE-1 (AO-73),2013-066AE,2024-12-31T14:52:01.156512,14.9803138,0.0042431,97.744,322.8371,200.3011,159.6526,0,U,39444,999,59960,0.001408,0.00016918,0.0,6951.116502060727,CubeSat
UWE-3,2013-066AG,2024-12-31T19:43:44.558400,14.90232085,0.005433,97.8065,313.1254,289.3921,70.1429,0,U,39446,999,59809,0.0013607,0.00013531,0.0,6975.348355782979,CubeSat
BRITE-CA1 (TORONTO),2014-033L,2024-12-31T19:37:01.815168,14.70809683,0.0081266,97.9021,137.5091,179.8689,180.2553,0,U,40020,999,56390,0.00080422,5.121e-05,0.0,7036.621448168622,CubeSat
DUCHIFAT-1,2014-033M,2024-12-31T10:02:07.765152,15.183509,0.0011499,98.0991,2.0657,138.7454,221.4649,0,U,40021,999,57393,0.0016974,0.00034985,0.0,6888.961228303772,CubeSat
NANOSATC-BR1,2014-033Q,2024-12-31T09:36:50.095584,15.116689,0.0003803,98.082,348.0874,203.2725,156.8332,0,U,40024,999,57295,0.0013952,0.0002373,0.0,6909.247060720162,CubeSat
QB50P1,2014-033R,2024-12-31T12:57:59.476608,15.0590692,0.0009878,98.0667,334.937,232.4669,127.566,0,U,40025,999,57251,0.0013736,0.00019968,0.0,6926.860189456236,CubeSat
QB50P2,2014-033Y,2024-12-31T20:01:45.882048,15.04226241,0.0009018,98.0264,325.4761,168.2118,191.932,0,U,40032,999,57232,0.0013245,0.00018397,0.0,6932.018837937602,CubeSat
PERSEUS-M2,2014-033AD,2024-12-31T21:07:43.113504,14.92491894,0.0011128,97.943,298.763,262.7127,97.2827,0,U,40037,999,57129,0.00058318,5.935e-05,0.0,6968.305576940253,CubeSat
PERSEUS-M1,2014-033AF,2024-12-31T19:03:01.975104,14.92391376,0.0010899,97.9197,294.1432,262.4961,97.5019,0,U,40039,999,57113,0.00062372,6.336e-05,0.0,6968.61846728462,CubeSat
POLYITAN-1,2014-033AJ,2024-12-31T16:32:37.009536,15.11381807,0.0010602,98.0912,340.5614,175.4266,184.7061,0,U,40042,999,57257,0.0017699,0.00029943,0.0,6910.121992372702,CubeSat
TIGRISAT,2014-033AK,2024-12-31T21:13:57.387936,14.81404342,0.0053387,97.712,161.6716,19.8727,340.455,0,U,40043,999,56670,0.00081612,6.493e-05,0.0,7003.031811766011,CubeSat
AEROCUBE 6A,2014-033AM,2024-12-31T21:50:28.011552,14.8868005,0.004603,97.6762,173.431,351.4054,8.637,0,U,40045,999,56715,0.001639,0.00015572,0.0,6980.195649660228,CubeSat
AEROCUBE 6B,2014-033AN,2024-12-31T21:19:39.089568,14.89703756,0.0044483,97.6738,172.3186,345.991,14.0071,0,U,40046,999,56722,0.0017187,0.00016735,0.0,6976.997480542613,CubeSat
CANX-4,2014-034C,2024-12-31T15:27:25.939008,14.79437493,0.0012028,98.376,209.6642,281.8535,78.1326,0,U,40055,999,56573,0.00062925,4.647e-05,0.0,7009.237258549208,CubeSat
CANX-5,2014-034D,2024-12-31T20:25:03.880704,14.79451101,0.0012039,98.3764,209.8931,281.3989,78.5868,0,U,40056,999,55657,0.00064282,4.75e-05,0.0,7009.194277812738,CubeSat
UKUBE-1,2014-037F,2024-12-31T06:38:43.953504,15.00452365,0.0003271,98.3678,309.3963,94.0291,266.1305,0,U,40074,999,56826,0.0015977,0.00020086,0.0,6943.63738979986,CubeSat
BRITE-PL2 (HEWELIUSZ),2014-049B,2024-12-31T20:44:09.452256,14.91148914,0.001626,97.8868,106.0084,74.366,285.9351,0,U,40119,999,56201,0.00064812,6.393e-05,0.0,6972.488879611159,CubeSat
AEROCUBE 5C,2015-058B,2024-12-31T20:59:37.726080,14.86257925,0.0184947,64.7696,113.2492,249.2149,108.9062,0,U,40965,999,28638,0.0011644,0.00013896,0.0,6987.777248737578,CubeSat
AEROCUBE 7,2015-058C,2024-12-30T14:00:54.925920,14.88909159,0.0178379,64.7663,108.8343,249.3075,108.8836,0,U,40966,999,28630,0.0013922,0.00017549,0.0,6979.4795698590015,CubeSat
FOX-1A (AO-85),2015-058D,2025-01-01T01:54:13.544352,14.85715402,0.0182443,64.7767,127.208,244.7605,113.4498,0,U,40967,999,3435,0.0012524,0.00014613,0.0,6989.478247096988,CubeSat
SINOD-D 1,2015-058E,2024-12-31T14:13:55.047936,14.88735088,0.0174513,64.7772,119.1796,243.9381,114.3677,0,U,40968,999,3715,0.0015037,0.00018637,0.0,6980.023611720798,CubeSat
SNAP-3 ALICE,2015-058G,2024-12-31T10:15:12.405024,15.09143321,0.0128072,64.7677,62.04,243.1674,115.6305,0,U,40970,999,3540,0.0023826,0.00046161,0.0,6916.953413301826,CubeSat
LMRST-SAT,2015-058H,2024-12-31T14:14:15.512640,14.85590153,0.0184101,64.7768,124.2939,246.2906,111.8794,0,U,40971,999,3428,0.0011096,0.0001295,0.0,6989.871093382615,CubeSat
SNAP-3 EDDIE,2015-058J,2024-12-31T20:21:05.402880,15.09589924,0.0127981,64.7647,53.653,244.0476,114.7414,0,U,40972,999,3757,0.0028083,0.00055219,0.0,6915.589120287331,CubeSat
PROPCUBE 3,2015-058K,2024-12-31T19:33:57.391776,14.8802174,0.0179738,64.7709,109.3389,247.7802,110.4157,0,U,40973,999,3539,0.0013049,0.00016103,0.0,6982.254218977259,CubeSat
BISONSAT,2015-058L,2024-12-31T14:15:10.818144,14.99650723,0.0150932,64.7666,75.6226,245.9811,112.5446,0,U,40974,999,3527,0.0020057,0.00031514,0.0,6946.111661745365,CubeSat
SNAP-3 JIMI,2015-058M,2024-12-31T20:41:52.176480,14.92817304,0.0167748,64.769,93.5714,246.9146,111.4209,0,U,40975,999,3447,0.0017478,0.00023812,0.0,6967.292888291544,CubeSat
PROPCUBE 1 (FLORA),2015-058N,2024-12-31T16:21:47.276352,14.84288629,0.0183224,64.7751,140.5899,247.6434,110.5169,0,U,40976,999,3707,0.0011653,0.00013088,0.0,6993.956622202023,CubeSat
SINOD-D 3,2015-058P,2024-12-31T14:50:37.379616,14.87285044,0.0175272,64.7738,131.7838,246.9444,111.3104,0,U,40977,999,3534,0.0013991,0.00016678,0.0,6984.559705842974,CubeSat
HORYU-4,2016-012D,2024-12-31T15:57:39.132864,15.26864332,0.0007399,30.9996,119.4552,187.7533,172.2996,0,U,41340,999,48824,0.0013485,0.00036887,0.0,6863.329900486865,CubeSat
RAVAN,2016-067B,2024-12-30T18:22:53.235552,15.22862699,0.001159,98.055,196.1972,76.6148,283.6378,0,U,41849,999,44580,0.001544,0.00036295,0.0,6875.34784246486,CubeSat
CELTEE 1,2016-067C,2024-12-31T11:15:10.635840,15.11349063,1.12e-05,98.1045,186.9517,181.9697,178.1531,0,U,41850,999,44517,0.00084874,0.00014259,0.0,6910.221799105219,CubeSat
OPTICUBE 04,2016-067D,2025-01-01T01:51:17.211456,15.05518209,0.0018513,98.0854,180.9074,110.6144,249.7068,0,U,41851,999,44498,0.00059335,8.506e-05,0.0,6928.052439355376,CubeSat
AEROCUBE 8D,2016-067E,2024-12-31T23:18:03.563712,15.13563753,0.0004699,98.1099,187.8853,147.5362,212.6157,0,U,41852,999,44525,0.0010781,0.00019303,0.0,6903.479330665541,CubeSat
AEROCUBE 8C,2016-067F,2024-12-31T23:39:16.751520,15.1360596,0.0007736,98.0924,186.0144,88.2242,271.9874,0,U,41853,999,44524,0.0011153,0.00020007,0.0,6903.3509940909435,CubeSat
PROMETHEUS 2-1,2016-067G,2025-01-01T00:24:11.695392,15.31633024,0.0009739,98.0906,197.7067,89.4729,270.7626,0,U,41854,999,44585,0.0020683,0.00063644,0.0,6849.076654471864,CubeSat
PROMETHEUS 2-3,2016-067H,2024-12-31T19:48:39.202272,15.31528932,0.0008182,98.0849,196.7966,99.6205,260.5959,0,U,41855,999,44582,0.0020593,0.00063132,0.0,6849.386987497717,CubeSat
CORVUS BC2,2017-042X,2024-12-31T10:07:35.731776,15.00873902,0.0013425,97.3662,180.9862,110.3745,249.8924,0,U,42846,999,40699,0.0007389,9.369e-05,0.0,6942.337197469258,CubeSat
CORVUS BC1,2017-042Y,2024-12-31T18:19:03.713952,15.01029535,0.0013072,97.3674,181.7302,84.7975,275.4742,0,U,42847,999,40706,0.00076257,9.71e-05,0.0,6941.857315534108,CubeSat
MIRATA,2017-073C,2024-12-31T22:38:49.083360,15.26297049,0.0123747,97.5652,251.3403,297.6152,61.2565,0,U,43015,999,38628,0.0024925,0.00081516,0.0,6865.030403560305,CubeSat
MAKERSAT 0,2017-073D,2025-01-01T03:08:34.799712,15.08009229,0.0166325,97.543,241.4206,330.3505,28.8371,0,U,43016,999,38563,0.0018803,0.00040037,0.0,6920.420889263146,CubeSat
SIRION PATHFINDER-2,2018-099B,2024-12-31T20:41:40.368192,15.0701864,0.0009672,97.5032,57.7084,342.6747,17.4149,0,U,43759,999,33223,0.00086662,0.00012949,0.0,6923.453164082176,CubeSat
CORVUS BC4,2018-099K,2025-01-01T01:57:24.169536,15.0584322,0.0010443,97.4856,54.4393,37.1114,323.0833,0,U,43767,999,33213,0.00087524,0.00012672,0.0,6927.055534220498,CubeSat
MOVE-II,2018-099Y,2024-12-31T20:22:44.581440,15.35518885,0.0004675,97.4927,70.1175,14.1524,345.985,0,U,43780,999,33303,0.0025418,0.000886,0.0,6837.516697717921,CubeSat
SPACEBEE-7,2018-099BL,2024-12-31T10:39:38.346048,15.23725504,0.0007126,97.5222,68.9892,329.6493,30.433,0,U,43816,999,33231,0.0016453,0.00039658,0.0,6872.7521673873,CubeSat
SPACEBEE-6,2018-099BN,2025-01-01T04:25:06.614112,15.86497495,0.0007754,97.4973,82.2169,297.5781,62.4701,0,U,43818,999,33340,0.0042928,0.01206572,0.0,6690.248472028588,CubeSat
SHIELDS 1,2018-104B,2024-12-31T18:36:49.996224,15.48903673,0.0009781,85.0201,148.0045,45.8425,314.3634,0,U,43850,999,33662,0.00075666,0.00041035,0.0,6798.068998442889,CubeSat
SONATE,2019-038Q,2025-01-01T01:51:34.412832,15.52589744,0.0013798,97.7116,12.4352,109.9736,250.3003,0,U,44400,999,30457,0.0012865,0.00079927,0.0,6787.305008429758,CubeSat
DUCHIFAT-3,2019-089C,2024-12-31T21:09:50.194944,15.30078326,0.0012599,36.9504,277.8154,303.1274,56.8268,0,U,44854,999,27841,0.0018527,0.00055699,0.0,6853.715390126114,CubeSat
M2 PATHFINDER,2020-037E,2024-12-31T10:33:44.747136,15.00051406,0.0011662,97.7772,182.3437,161.3691,198.7961,0,U,45727,999,24548,0.00073378,9.096e-05,0.0,6944.874676236384,CubeSat
NETSAT-4,2020-068U,2024-12-31T20:33:19.238688,15.23283557,0.0010504,97.8296,330.6897,48.3444,311.8689,0,U,46504,999,23417,0.001259,0.00029917,0.0,6874.081421040296,CubeSat
NETSAT-3,2020-068V,2024-12-31T15:50:59.659008,15.22447064,0.0010117,97.8283,329.74,57.3725,302.8485,0,U,46505,999,23412,0.0011768,0.00027264,0.0,6876.599119771099,CubeSat
NETSAT-1,2020-068W,2024-12-31T08:31:32.784384,15.1920245,0.0009476,97.8304,328.2272,68.461,291.7633,0,U,46506,999,23399,0.0008692,0.00018274,0.0,6886.386700638909,CubeSat
NETSAT-2,2020-068X,2024-12-31T21:10:25.510944,15.23114876,0.0008707,97.8284,330.2877,70.4644,289.7531,0,U,46507,999,23412,0.0011971,0.00028282,0.0,6874.588936065405,CubeSat
WILDTRACKCUBE-SIMBA,2021-022K,2025-01-01T03:03:50.437440,15.33297865,0.0012377,97.4404,263.3477,154.2658,205.9202,0,U,47941,999,20866,0.001446,0.00046787,0.0,6844.117979726442,CubeSat
GRBALPHA,2021-022AD,2025-01-01T03:21:35.540352,15.45697971,0.0010713,97.4392,267.4165,132.5483,227.6672,0,U,47959,999,20775,0.0020857,0.00101987,0.0,6807.46499426965,CubeSat
BEESAT-8,2021-022AP,2024-12-30T17:18:46.450944,15.73466822,0.0011434,97.4765,273.5903,103.2949,256.959,0,U,48085,999,20823,0.0029596,0.00432562,0.0,6727.134559725418,CubeSat
LEDSAT,2021-073D,2024-12-31T16:14:15.566784,15.39837446,0.0013308,97.4135,78.0819,302.7865,57.2098,0,U,49069,999,18667,0.0014512,0.00058039,0.0,6824.7265803703385,CubeSat
ROBUSTA-1F (MTCUBE 2),2022-080E,2024-12-30T08:26:30.346368,6.42584036,0.000838,70.1231,123.9128,45.3679,314.7663,0,U,53109,999,5776,0.0,-3e-08,0.0,12221.238513364082,CubeSat
SITRO-AIS 5 (KATYS),2023-091L,2025-01-01T02:44:48.308064,15.1490627,0.0016014,97.5846,58.1287,158.3186,201.8727,0,U,57176,999,8339,0.0012778,0.00023862,0.0,6899.400130968485,CubeSat
SITRO-AIS 6 (CHIRKIN),2023-091AC,2025-01-01T02:16:33.552192,15.14910196,0.0015921,97.5848,58.1393,157.8817,202.3105,0,U,57192,999,8339,0.001123,0.00020956,0.0,6899.388210765036,CubeSat
SITRO-AIS 8 (ANOKHIN),2023-091AD,2025-01-01T02:58:21.462528,15.1575941,0.0015486,97.5843,58.396,158.1278,202.0618,0,U,57193,999,8341,0.0013444,0.00025724,0.0,6896.811018873239,CubeSat
SITRO-AIS 7 (FARTUSHNIY),2023-091AE,2025-01-01T01:01:46.642080,15.14813079,0.0015775,97.5845,58.0459,158.821,201.3678,0,U,57194,999,8338,0.001205,0.00022433,0.0,6899.683094551788,CubeSat
SITRO-AIS 10 (BURDAEV),2023-091AK,2025-01-01T03:35:41.125920,15.18283299,0.0011447,97.586,59.9996,142.6001,217.6032,0,U,57199,999,8351,0.0014115,0.00029003,0.0,6889.165712413123,CubeSat
SITRO-AIS 9 (SHCHUKIN),2023-091AM,2024-12-31T22:56:04.344576,15.18193701,0.0011379,97.5856,59.7611,143.44,216.7613,0,U,57201,999,8348,0.0014107,0.00028911,0.0,6889.436757931628,CubeSat
SITRO-AIS 12 (SMIRENNIY),2023-091AQ,2025-01-01T03:45:08.198496,15.18395368,0.0011404,97.5864,60.1755,137.167,223.0454,0,U,57204,999,8352,0.0014464,0.00029821,0.0,6888.826726741741,CubeSat
SITRO-AIS 11 (SHEFFER),2023-091AU,2024-12-31T22:17:48.623136,15.1852976,0.0011208,97.586,60.0001,138.4693,221.7394,0,U,57208,999,8349,0.0013426,0.00027774,0.0,6888.420273569207,CubeSat
VERONIKA,2023-174F,2024-12-31T21:45:36.442656,15.38743332,0.0008048,97.438,81.7688,261.7779,98.2553,0,U,58261,999,6391,0.0020125,0.00077744,0.0,6827.961317065106,CubeSat
ROBUSTA-1E (ENSO),2023-185J,2025-01-01T02:57:21.565728,15.37587317,0.0008571,97.3998,73.245,299.1586,60.88,0,U,58470,999,6039,0.00161,0.0005976,0.0,6831.383230897343,CubeSat
SITRO-AIS 29,2024-039B,2025-01-01T03:59:59.112096,15.50125488,0.0008356,97.4107,330.4478,206.1063,153.9768,0,U,59052,999,4700,0.0019721,0.00112474,0.0,6794.4963525486255,CubeSat
SITRO-AIS 30,2024-039C,2025-01-01T03:15:19.439424,15.49477076,0.0008524,97.4107,330.3308,209.9445,150.132,0,U,59053,999,4698,0.0019392,0.00108052,0.0,6796.391755766629,CubeSat
SITRO-AIS 31,2024-039D,2025-01-01T02:16:59.752992,15.49969264,0.000829,97.4107,330.3848,210.2593,149.818,0,U,59054,999,4700,0.0018851,0.00106841,0.0,6794.952897329877,CubeSat
SITRO-AIS 33,2024-039E,2025-01-01T03:15:50.609088,15.50123368,0.000803,97.4107,330.4963,208.0044,152.0777,0,U,59055,999,4700,0.0020068,0.00114464,0.0,6794.502547465874,CubeSat
SITRO-AIS 35,2024-039F,2025-01-01T03:05:15.221760,15.50203349,0.0007933,97.4108,330.4996,209.9924,150.0874,0,U,59056,999,4700,0.0019905,0.00113841,0.0,6794.268842306414,CubeSat
SITRO-AIS 32,2024-039G,2025-01-01T03:56:19.648320,15.49752095,0.0008184,97.4112,330.4615,210.3109,149.7669,0,U,59057,999,4700,0.001958,0.00110175,0.0,6795.587673549219,CubeSat
SITRO-AIS 34,2024-039H,2025-01-01T03:15:09.163008,15.50101735,0.0007994,97.4109,330.4987,208.2278,151.8541,0,U,59058,999,4700,0.0019547,0.0011136,0.0,6794.565762728206,CubeSat
SITRO-AIS 36,2024-039J,2025-01-01T04:16:07.960224,15.5019152,0.0007687,97.4101,330.5887,208.257,151.8266,0,U,59059,999,4701,0.0019045,0.00108797,0.0,6794.303405478293,CubeSat
SITRO-AIS 49,2024-039K,2025-01-01T03:15:48.976128,15.4979988,0.0008036,97.411,330.4968,209.5449,150.5349,0,U,59060,999,4700,0.0019591,0.00110421,0.0,6795.44798720222,CubeSat
SITRO-AIS 50,2024-039L,2025-01-01T03:25:45.510240,15.50662033,0.0007648,97.4101,330.6334,204.8891,155.1993,0,U,59061,999,4701,0.0021418,0.00124659,0.0,6792.928951772542,CubeSat
SITRO-AIS 51,2024-039M,2025-01-01T03:19:43.219488,15.50845878,0.00076,97.41,330.6358,204.8311,155.2576,0,U,59062,999,4701,0.0019855,0.00116183,0.0,6792.392096062064,CubeSat
SITRO-AIS 52,2024-039N,2025-01-01T02:52:11.077824,15.50881763,0.0007425,97.4107,330.667,206.9124,153.1744,0,U,59063,999,4701,0.0020058,0.00117535,0.0,6792.287318708446,CubeSat
SITRO-AIS 25,2024-039R,2025-01-01T02:09:00.339264,14.86724666,0.0162793,95.3845,231.5899,21.0414,339.7403,0,U,59066,999,4547,0.0011166,0.00012645,0.0,6986.3146812156565,CubeSat
SITRO-AIS 26,2024-039S,2025-01-01T00:47:12.152256,14.86589785,0.0162978,95.3846,231.5339,21.3619,339.4302,0,U,59067,999,4546,0.0011105,0.00012537,0.0,6986.737262199708,CubeSat
SITRO-AIS 27,2024-039T,2025-01-01T03:04:49.534176,14.86879158,0.0162357,95.3849,231.6681,20.6608,340.1078,0,U,59068,999,4548,0.0010918,0.00012399,0.0,6985.830737642158,CubeSat
SITRO-AIS 28,2024-039U,2025-01-01T02:52:28.627392,14.86919317,0.0162158,95.3851,231.6793,20.6435,340.1238,0,U,59071,999,4548,0.0011796,0.00013406,0.0,6985.704953978252,CubeSat
GRBBETA,2024-128C,2025-01-01T04:08:58.604928,15.0015615,0.0033663,61.9938,274.3611,19.3577,340.8782,0,U,60237,999,2626,0.0010683,0.00013391,0.0,6944.551402147658,CubeSat
OOV-CUBE (TUBSAT-30),2024-128F,2024-12-31T18:07:06.476448,14.98608346,0.0031891,61.9981,276.8257,14.7576,345.4436,0,U,60240,999,2619,0.00070944,8.451e-05,0.0,6949.332262131992,CubeSat
ROBUSTA-3A (MEDITERRANEE),2024-128J,2024-12-30T18:05:23.034048,15.00669781,0.0031607,61.991,279.6135,9.7768,350.393,0,U,60243,999,2605,0.0016749,0.00021396,0.0,6942.966714016182,CubeSat
IRIDIUM 106,2017-003A,2024-12-31T16:36:22.102272,14.34218592,0.0002009,86.3975,311.0472,91.6226,268.52,0,U,41917,999,41688,5.7163e-05,1.8e-06,0.0,7155.80135367037,Iridium Next
IRIDIUM 103,2017-003B,2024-12-31T21:19:29.623584,14.34223899,0.0001618,86.3975,310.8662,72.6753,287.4619,0,U,41918,999,41693,0.00034846,9.96e-06,0.0,7155.78370144688,Iridium Next
IRIDIUM 109,2017-003C,2024-12-31T18:07:42.255552,14.34217828,0.0002155,86.3976,310.9726,77.7684,282.3753,0,U,41919,999,41688,1.4604e-05,6.1e-07,0.0,7155.803894907665,Iridium Next
IRIDIUM 102,2017-003D,2024-12-31T14:01:05.657664,14.34214218,0.0002334,86.3977,310.979,85.229,274.9173,0,U,41920,999,41694,-2.7341e-06,1.2e-07,0.0,7155.815902617021,Iridium Next
IRIDIUM 105,2017-003E,2024-12-31T11:38:27.769632,14.34231539,0.0002025,86.397,279.4421,85.0732,275.0695,0,U,41921,999,41878,0.00037948,1.083e-05,0.0,7155.758289354746,Iridium Next
IRIDIUM 104,2017-003F,2024-12-31T17:40:18.179328,14.34218282,0.0002228,86.3977,310.9499,70.8114,289.3323,0,U,41922,999,41695,9.5949e-05,2.88e-06,0.0,7155.802384800415,Iridium Next
IRIDIUM 114,2017-003G,2024-12-31T17:49:26.207616,14.34217451,0.0001872,86.3976,310.9324,81.929,278.2118,0,U,41923,999,41693,1.6913e-05,6.7e-07,0.0,7155.805148896011,Iridium Next
IRIDIUM 108,2017-003H,2025-01-01T02:52:30.041760,14.34222495,0.0002064,86.3965,279.0888,89.3225,270.8207,0,U,41924,999,41886,0.00027978,8.03e-06,0.0,7155.788371442277,Iridium Next
IRIDIUM 112,2017-003J,2024-12-31T19:11:37.954176,14.34221917,0.0002316,86.3971,310.7748,77.5392,282.6062,0,U,41925,999,41696,0.00030001,8.6e-06,0.0,7155.790293992454,Iridium Next
IRIDIUM 111,2017-003K,2024-12-31T20:33:50.117184,14.34219693,0.0002046,86.3975,310.8098,84.402,275.7409,0,U,41926,999,41695,0.00016084,4.7e-06,0.0,7155.797691498605,Iridium Next
IRIDIUM 113,2017-039A,2025-01-01T01:06:23.002848,14.34217702,0.0001911,86.4002,184.5418,75.9486,284.1922,0,U,42803,999,39491,-1.1733e-05,-1.3e-07,0.0,7155.804314012462,Iridium Next
IRIDIUM 123,2017-039B,2024-12-31T21:04:42.749184,14.34217815,0.0001808,86.3977,216.0492,90.6957,269.4446,0,U,42804,999,39365,0.00010838,3.23e-06,0.0,7155.803938148633,Iridium Next
IRIDIUM 120,2017-039C,2024-12-31T21:36:19.068480,14.3421874,0.0001934,86.3985,184.4545,100.1866,259.9548,0,U,42805,999,39488,4.2188e-05,1.38e-06,0.0,7155.8008613890615,Iridium Next
IRIDIUM 115,2017-039D,2024-12-31T19:06:46.445760,14.43287508,0.0001551,86.4523,184.5517,90.0066,270.1313,0,U,42806,999,39747,0.00013944,4.89e-06,0.0,7125.79415906228,Iridium Next
IRIDIUM 118,2017-039E,2024-12-31T20:09:54.861120,14.34217627,0.0002031,86.3976,216.0656,86.5475,273.5953,0,U,42807,999,39364,7.1659e-05,2.2e-06,0.0,7155.804563479633,Iridium Next
IRIDIUM 117,2017-039F,2024-12-31T20:37:18.317856,14.34222699,0.000166,86.3975,216.0202,90.1022,270.0364,0,U,42808,999,39367,0.00030282,8.68e-06,0.0,7155.787692895465,Iridium Next
IRIDIUM 126,2017-039G,2024-12-31T16:12:26.593920,14.3422059,0.0001758,86.3976,216.1395,82.9597,277.1799,0,U,42809,999,39362,0.00023168,6.69e-06,0.0,7155.794707879841,Iridium Next
IRIDIUM 124,2017-039H,2024-12-31T09:12:18.954144,14.43285735,0.0002127,86.4522,153.1056,104.8827,255.261,0,U,42810,999,39826,0.00037161,1.27e-05,0.0,7125.7999948346205,Iridium Next
IRIDIUM 128,2017-039J,2024-12-31T12:38:10.630752,14.3421698,0.0001938,86.3962,247.7079,92.7575,267.3842,0,U,42811,999,39363,6.2005e-05,1.93e-06,0.0,7155.806715550655,Iridium Next
IRIDIUM 121,2017-039K,2024-12-31T16:39:50.876640,14.34218244,0.0002028,86.3978,216.1555,92.0635,268.0793,0,U,42812,999,39350,7.0915e-05,2.18e-06,0.0,7155.802511197026,Iridium Next
IRIDIUM 133,2017-061A,2024-12-31T15:04:18.630624,14.34217757,0.0001848,86.3966,247.7697,85.1935,274.9472,0,U,42955,999,37844,4.8994e-06,3.3e-07,0.0,7155.8041310698845,Iridium Next
IRIDIUM 100,2017-061B,2024-12-31T14:55:10.601472,14.34218666,0.0001807,86.3963,247.7036,88.5186,271.6216,0,U,42956,999,37844,6.108e-05,1.91e-06,0.0,7155.801107529706,Iridium Next
IRIDIUM 122,2017-061C,2024-12-31T12:29:02.389920,14.34219365,0.0001736,86.3965,247.7447,82.4334,277.7058,0,U,42957,999,37843,0.00021107,6.11e-06,0.0,7155.7987824993315,Iridium Next
IRIDIUM 129,2017-061D,2024-12-31T13:05:34.654272,14.34218623,0.0002216,86.3964,247.7956,75.611,284.5331,0,U,42958,999,37845,0.00011891,3.53e-06,0.0,7155.801250557388,Iridium Next
IRIDIUM 119,2017-061E,2024-12-31T15:40:49.871136,14.34216328,0.00018,86.3964,247.7439,78.1412,281.9985,0,U,42959,999,37848,0.00027594,7.93e-06,0.0,7155.808884254467,Iridium Next
IRIDIUM 107,2017-061F,2024-12-31T17:48:42.577344,14.34217356,0.0001551,86.3967,247.7249,92.3664,267.7709,0,U,42960,999,37850,5.373e-05,1.7e-06,0.0,7155.805464887854,Iridium Next
IRIDIUM 132,2017-061G,2024-12-31T17:57:50.599584,14.34218164,0.0001911,86.3962,247.7055,89.0427,271.0988,0,U,42961,999,37850,9.936e-05,2.98e-06,0.0,7155.802777295174,Iridium Next
IRIDIUM 136,2017-061H,2024-12-31T13:42:06.593760,14.34217915,0.000165,86.3966,247.7837,79.5066,280.6315,0,U,42962,999,37849,9.5957e-06,4.7e-07,0.0,7155.803605525817,Iridium Next
IRIDIUM 139,2017-061J,2024-12-31T18:52:38.479008,14.34220133,0.0001705,86.397,247.7469,86.1762,273.9628,0,U,42963,999,37853,0.00023576,6.8e-06,0.0,7155.7962279616995,Iridium Next
IRIDIUM 125,2017-061K,2024-12-31T18:34:22.409472,14.34219859,0.0001491,86.3969,247.8036,69.2922,290.8433,0,U,42964,999,37854,0.00018774,5.46e-06,0.0,7155.7971393459575,Iridium Next
IRIDIUM 135,2017-083A,2024-12-31T19:37:34.994496,14.34217609,0.0002084,86.3994,184.5084,92.0787,268.0647,0,U,43070,999,36784,-2.8011e-05,-5.9e-07,0.0,7155.804623351755,Iridium Next
IRIDIUM 138,2017-083B,2024-12-31T20:14:07.007424,14.34218197,0.0001905,86.3978,184.1905,71.2292,288.911,0,U,43071,999,36783,1.9024e-05,7.3e-07,0.0,7155.802667529686,Iridium Next
IRIDIUM 116,2017-083C,2024-12-31T17:47:59.085312,14.34217331,0.0001945,86.3992,184.5327,97.2558,262.8859,0,U,43072,999,36785,-1.8286e-05,-3.1e-07,0.0,7155.805548043609,Iridium Next
IRIDIUM 130,2017-083D,2025-01-01T01:24:39.011904,14.34217291,0.0001699,86.4002,184.6236,95.0122,265.1268,0,U,43073,999,36784,-3.0924e-05,-6.7e-07,0.0,7155.805681092821,Iridium Next
IRIDIUM 151,2017-083E,2024-12-31T18:06:14.611392,14.34216743,0.0002027,86.3995,184.5732,92.5499,267.5929,0,U,43074,999,36782,-1.9692e-05,-3.5e-07,0.0,7155.807503867648,Iridium Next
IRIDIUM 134,2017-083F,2024-12-31T20:41:30.948000,14.34216882,0.00018,86.3996,184.5289,94.9554,265.1847,0,U,43075,999,36780,-2.8586e-05,-6e-07,0.0,7155.807041521368,Iridium Next
IRIDIUM 137,2017-083G,2024-12-31T17:38:51.113184,14.34217433,0.000232,86.3998,184.6636,99.9419,260.2039,0,U,43076,999,36785,-1.321e-05,-1.7e-07,0.0,7155.805208768146,Iridium Next
IRIDIUM 141,2017-083H,2024-12-31T19:10:11.015040,14.34217847,0.0001833,86.3988,184.4983,82.0988,278.0416,0,U,43077,999,36786,3.4259e-06,2.9e-07,0.0,7155.803831709329,Iridium Next
IRIDIUM 153,2017-083J,2024-12-31T18:01:18.977376,14.34215884,0.0001792,86.3999,153.0449,75.2434,284.896,0,U,43078,999,36896,0.00010799,3.22e-06,0.0,7155.810361102787,Iridium Next
IRIDIUM 131,2017-083K,2024-12-31T13:50:30.724800,14.34216301,0.0001955,86.3999,184.7413,86.6981,273.4438,0,U,43079,999,36776,-5.3289e-05,-1.29e-06,0.0,7155.808974062788,Iridium Next
IRIDIUM 144,2018-030A,2024-12-31T18:10:26.978880,14.34222327,0.0001842,86.3995,152.9836,97.6848,262.4556,0,U,43249,999,35382,0.00031424,9e-06,0.0,7155.788930245656,Iridium Next
IRIDIUM 149,2018-030B,2024-12-31T20:00:02.971872,14.34223287,0.0002136,86.3997,152.925,96.7689,263.375,0,U,43250,999,35385,0.00034668,9.91e-06,0.0,7155.785737084962,Iridium Next
IRIDIUM 157,2018-030C,2024-12-31T18:46:59.217312,14.34217506,0.0002197,86.3995,152.9874,92.0861,268.0587,0,U,43251,999,35382,0.00010321,3.09e-06,0.0,7155.804965953378,Iridium Next
IRIDIUM 140,2018-030D,2024-12-31T17:33:55.279584,14.34214535,0.0001811,86.4,153.023,97.0759,263.0642,0,U,43252,999,35387,-4.5743e-05,-1.08e-06,0.0,7155.81484819842,Iridium Next
IRIDIUM 145,2018-030E,2024-12-31T15:35:10.288896,14.3421633,0.000198,86.3997,153.0304,104.4836,255.658,0,U,43253,999,35379,0.00029277,8.4e-06,0.0,7155.808877601999,Iridium Next
IRIDIUM 146,2018-030F,2024-12-31T16:48:15.407712,14.3421716,0.0001851,86.4,153.0234,105.3405,254.7995,0,U,43254,999,35381,-9.6785e-06,-7e-08,0.0,7155.806116829033,Iridium Next
IRIDIUM 148,2018-030G,2024-12-31T21:03:59.215680,14.34217652,0.0002044,86.3999,152.984,98.7943,261.3485,0,U,43255,999,35387,0.00012609,3.73e-06,0.0,7155.804480323906,Iridium Next
IRIDIUM 142,2018-030H,2024-12-31T10:15:31.228128,14.3421913,0.0002147,86.3994,153.0804,105.5897,254.5536,0,U,43256,999,35377,0.00020827,6.03e-06,0.0,7155.7995641616935,Iridium Next
IRIDIUM 150,2018-030J,2024-12-31T21:13:07.223232,14.34217753,0.0001916,86.3998,152.9888,100.6344,259.5068,0,U,43257,999,35386,0.00020478,5.93e-06,0.0,7155.804144374799,Iridium Next
IRIDIUM 143,2018-030K,2024-12-31T10:42:54.906912,14.34223038,0.0001886,86.4,153.2432,109.0865,251.0535,0,U,43258,999,35373,0.00033615,9.61e-06,0.0,7155.7865653106755,Iridium Next
IRIDIUM 161,2018-047C,2024-12-31T13:40:04.000800,14.43286517,0.0002253,86.4494,311.044,86.2841,273.8618,0,U,43478,999,34831,0.00037261,1.274e-05,0.0,7125.797420905358,Iridium Next
IRIDIUM 152,2018-047D,2024-12-31T16:45:30.121056,14.342193,0.0002093,86.397,310.8497,82.6003,277.5431,0,U,43479,999,34616,0.00014574,4.28e-06,0.0,7155.798998703793,Iridium Next
IRIDIUM 147,2018-047E,2024-12-31T21:56:02.045184,14.34221231,0.0002371,86.3974,310.7555,77.2887,282.8574,0,U,43480,999,34619,0.00022664,6.55e-06,0.0,7155.792575775136,Iridium Next
IRIDIUM 110,2018-047F,2025-01-01T03:06:34.221600,14.3421789,0.000205,86.3975,310.7433,72.9316,287.2104,0,U,43481,999,34621,6.0697e-05,1.9e-06,0.0,7155.803688681518,Iridium Next
IRIDIUM 162,2018-047G,2024-12-31T13:30:58.623264,14.43290009,0.0001971,86.4495,310.9441,79.5079,280.6344,0,U,43482,999,34830,0.00040058,1.368e-05,0.0,7125.785927121725,Iridium Next
IRIDIUM 160,2018-061A,2024-12-31T19:06:42.299424,14.34217436,0.0002486,86.3942,279.242,82.1639,277.9839,0,U,43569,999,33706,0.00033825,9.67e-06,0.0,7155.805198789457,Iridium Next
IRIDIUM 166,2018-061B,2024-12-31T14:41:50.413056,14.34218072,0.000189,86.3966,279.2769,90.962,269.1792,0,U,43570,999,33706,4.7626e-05,1.53e-06,0.0,7155.803083308076,Iridium Next
IRIDIUM 158,2018-061C,2024-12-31T15:36:38.321856,14.34218875,0.0001853,86.3967,279.2706,79.4249,280.7156,0,U,43571,999,33703,0.00014311,4.21e-06,0.0,7155.800412348753,Iridium Next
IRIDIUM 165,2018-061D,2024-12-31T11:11:46.453632,14.34217168,0.0002146,86.3963,279.3836,84.3289,275.8152,0,U,43572,999,33703,-3.0373e-05,-6.5e-07,0.0,7155.806090219186,Iridium Next
IRIDIUM 155,2018-061E,2024-12-31T15:18:21.218976,14.34226868,0.0001765,86.3964,279.2076,86.6897,273.4501,0,U,43573,999,33702,0.00035899,1.025e-05,0.0,7155.773825961759,Iridium Next
IRIDIUM 154,2018-061F,2024-12-31T14:50:58.138944,14.34221268,0.0002198,86.3969,279.3227,83.1999,276.9447,0,U,43574,999,33707,0.00034613,9.89e-06,0.0,7155.792452705179,Iridium Next
IRIDIUM 163,2018-061G,2024-12-31T19:24:58.350816,14.34219521,0.0001994,86.3964,279.1754,81.0444,279.0977,0,U,43575,999,33707,0.00014506,4.26e-06,0.0,7155.798263608691,Iridium Next
IRIDIUM 156,2018-061H,2024-12-31T18:48:26.191008,14.34218975,0.0001797,86.3964,279.1926,90.4304,269.7097,0,U,43576,999,33706,0.0002207,6.38e-06,0.0,7155.800079726346,Iridium Next
IRIDIUM 164,2018-061J,2024-12-31T15:00:05.794848,14.34223543,0.0002316,86.3966,279.2908,87.4448,272.7013,0,U,43577,999,33708,0.00041423,1.18e-05,0.0,7155.784885576046,Iridium Next
IRIDIUM 159,2018-061K,2024-12-31T15:54:54.217728,14.3421973,0.0002226,86.3965,279.2229,82.7294,277.4155,0,U,43578,999,33705,0.00026652,7.66e-06,0.0,7155.797568428427,Iridium Next
IRIDIUM 180,2019-002A,2024-12-31T20:55:34.826304,14.3421782,0.0001831,86.398,216.0163,86.1804,273.9601,0,U,43922,999,31269,1.1084e-06,2.3e-07,0.0,7155.803921517491,Iridium Next
IRIDIUM 176,2019-002B,2024-12-31T07:00:43.557120,14.72261868,0.0002752,86.6098,216.2648,67.2837,292.8671,0,U,43923,999,32084,0.0004777,3.038e-05,0.0,7031.993577302452,Iridium Next
IRIDIUM 168,2019-002C,2024-12-31T20:46:26.521536,14.34213179,0.0002082,86.3981,216.0814,84.6077,275.5356,0,U,43924,999,31267,0.0002626,7.55e-06,0.0,7155.81935858481,Iridium Next
IRIDIUM 173,2019-002D,2024-12-31T20:28:10.778592,14.34216989,0.0001903,86.3976,215.9975,86.1618,273.9795,0,U,43925,999,31265,2.8855e-05,1.01e-06,0.0,7155.8066856145715,Iridium Next
IRIDIUM 169,2019-002E,2024-12-31T09:15:05.143680,14.38613378,8.35e-05,86.4222,247.8025,30.0125,330.1121,0,U,43926,999,31362,0.00033935,1.058e-05,0.0,7141.220531330171,Iridium Next
IRIDIUM 172,2019-002F,2024-12-31T23:39:58.694400,14.34219355,0.0002029,86.3974,215.9481,84.7214,275.4213,0,U,43927,999,31268,0.00017911,5.21e-06,0.0,7155.798815761556,Iridium Next
IRIDIUM 175,2019-002G,2024-12-31T10:08:47.866272,14.72260587,0.000132,86.1524,178.2669,135.4854,224.6468,0,U,43928,999,32085,0.00018774,1.209e-05,0.0,7031.997656282556,Iridium Next
IRIDIUM 171,2019-002H,2024-12-31T19:51:38.900448,14.34217626,0.0002009,86.3987,216.2614,98.8541,261.2882,0,U,43929,999,31265,-1.1782e-06,1.6e-07,0.0,7155.804566805861,Iridium Next
IRIDIUM 170,2019-002J,2024-12-31T20:12:38.056896,14.72255648,0.0002366,86.6098,216.0406,79.8137,280.3347,0,U,43930,999,32093,0.00052577,3.341e-05,0.0,7032.0133831784715,Iridium Next
IRIDIUM 167,2019-002K,2025-01-01T02:24:22.822560,14.34217884,0.000176,86.3974,215.9181,98.8592,261.2803,0,U,43931,999,31269,0.00031362,8.98e-06,0.0,7155.803708638886,Iridium Next
IRIDIUM 181,2023-068S,2024-12-31T15:49:22.034784,14.43579628,0.0002435,86.6868,278.8545,92.8794,267.2686,0,U,56726,999,8562,0.00040708,1.398e-05,0.0,7124.832818627708,Iridium Next
IRIDIUM 177,2023-068T,2024-12-31T13:18:13.883040,14.80224753,0.000174,86.1977,221.6352,90.025,270.117,0,U,56727,999,8757,0.00055571,4.249e-05,0.0,7006.751788527148,Iridium Next
IRIDIUM 174,2023-068U,2024-12-31T13:10:24.072672,14.80217215,0.00023,86.1976,221.7574,90.3648,269.7836,0,U,56728,999,8757,0.00055376,4.234e-05,0.0,7006.775576409818,Iridium Next
IRIDIUM 178,2023-068V,2024-12-31T13:02:36.143232,14.80243543,0.0002717,86.5772,248.5602,89.9876,270.1657,0,U,56729,999,8757,0.00052827,4.042e-05,0.0,7006.692493264433,Iridium Next
IRIDIUM 179,2023-068W,2024-12-31T09:40:04.075680,14.80253123,0.000235,86.6782,255.2378,82.1181,278.0308,0,U,56730,999,8755,0.00055463,4.243e-05,0.0,7006.662262314765,Iridium Next
GLOBALSTAR M001,1998-008A,2025-01-01T00:59:03.842016,12.38204685,0.0001112,52.0033,99.7141,223.1571,308.4214,0,U,25162,999,22311,5.0148e-05,-9e-07,0.0,7892.359864624784,Globalstar
GLOBALSTAR M004,1998-008B,2024-12-31T20:11:19.539168,12.63383759,0.0001935,51.9972,204.6808,287.9344,192.4609,0,U,25163,999,24053,0.00028165,-5.3e-07,0.0,7787.145956678791,Globalstar
GLOBALSTAR M002,1998-008C,2024-12-31T20:52:09.990912,11.615065,7.74e-05,52.0031,299.7258,182.6116,177.47,0,U,25164,999,16462,-0.00085742,-1.2e-06,0.0,8236.083575577453,Globalstar
GLOBALSTAR M003,1998-008D,2025-01-01T03:33:07.015104,12.12063267,0.0007873,51.9985,271.1428,321.47,189.8504,0,U,25165,999,21305,0.0012976,3.2e-07,0.0,8005.435846931753,Globalstar
GLOBALSTAR M014,1998-023A,2024-12-31T20:56:27.031776,11.65477522,0.0002103,51.9812,226.4617,63.5182,310.5015,0,U,25306,999,17166,0.00078653,-3.6e-07,0.0,8217.364913554202,Globalstar
GLOBALSTAR M006,1998-023B,2024-12-31T20:42:32.800896,11.58170956,0.0003379,51.9941,272.7057,148.848,246.0538,0,U,25307,999,19744,0.0008618,-3.4e-07,0.0,8251.88933052985,Globalstar
GLOBALSTAR M015,1998-023C,2024-12-31T18:20:56.980032,11.48855432,0.0012747,51.9847,3.7466,138.1654,32.772,0,U,25308,999,17483,0.00013379,-6.8e-07,0.0,8296.436369227298,Globalstar
GLOBALSTAR M008,1998-023D,2024-12-31T22:06:15.414336,12.3605958,0.0002276,51.999,322.9999,176.0301,218.2402,0,U,25309,999,21716,0.00057519,-2.3e-07,0.0,7901.488360717512,Globalstar
GLOBALSTAR M023,1999-004A,2024-12-31T20:20:32.013600,12.62492841,0.0010963,52.0079,202.9932,114.9806,7.9227,0,U,25621,999,19459,0.00035573,-4e-07,0.0,7790.809023147006,Globalstar
GLOBALSTAR M040,1999-004B,2024-12-31T19:30:10.884672,12.61996232,0.000177,51.9891,207.0041,61.2033,312.797,0,U,25622,999,19412,0.00040091,-3.2e-07,0.0,7792.852733514526,Globalstar
GLOBALSTAR M036,1999-004C,2024-12-31T22:17:31.655040,11.86586195,0.0011171,51.9993,321.1757,91.4048,26.463,0,U,25623,999,15912,0.0012977,6e-08,0.0,8119.618923975617,Globalstar
GLOBALSTAR M038,1999-004D,2024-12-31T21:10:13.750176,12.32517421,0.0003035,51.9942,193.3885,74.8694,15.6715,0,U,25624,999,18174,0.00034709,-5.3e-07,0.0,7916.619959769967,Globalstar
GLOBALSTAR M022,1999-012A,2024-12-31T18:34:58.902240,12.02494107,0.000242,52.0062,26.0049,193.1664,338.2708,0,U,25649,999,15623,-1.1383e-05,-8.8e-07,0.0,8047.849944223984,Globalstar
GLOBALSTAR M041,1999-012B,2025-01-01T01:55:30.116352,11.96667643,0.0002621,52.0016,261.5333,11.1373,348.9521,0,U,25650,999,15852,0.0013406,1.9e-07,0.0,8073.951616054139,Globalstar
GLOBALSTAR M046,1999-012C,2024-12-31T21:29:06.597600,12.09402834,0.0002061,52.0075,341.917,285.2811,109.8499,0,U,25651,999,16342,0.00038009,-5.4e-07,0.0,8017.171735221041,Globalstar
GLOBALSTAR M037,1999-012D,2024-12-31T21:04:29.134272,12.62430567,0.0001738,52.0024,333.579,166.8203,227.4904,0,U,25652,999,19014,0.00038,-3.6e-07,0.0,7791.065227786491,Globalstar
GLOBALSTAR M045,1999-019A,2024-12-31T21:28:33.114144,12.27054034,5.67e-05,51.9982,62.086,176.8163,354.6629,0,U,25676,999,17285,0.00026432,-6.4e-07,0.0,7940.101417461999,Globalstar
GLOBALSTAR M019,1999-019B,2024-12-31T21:11:01.740192,12.13871925,0.000135,51.9851,180.7129,48.4941,99.2854,0,U,25677,999,16482,-0.00026389,-1.15e-06,0.0,7997.481853712321,Globalstar
GLOBALSTAR M044,1999-019C,2024-12-31T19:58:20.046144,11.90246964,0.0007303,51.9963,111.2768,84.7477,62.6789,0,U,25678,999,15139,0.00099086,-1.3e-07,0.0,8102.961704787631,Globalstar
GLOBALSTAR M042,1999-019D,2024-12-31T19:44:39.095808,12.2207616,0.0001954,51.9989,163.4253,330.9859,174.7983,0,U,25679,999,16479,2.5628e-05,-8.9e-07,0.0,7961.648377987433,Globalstar
GLOBALSTAR M025,1999-031A,2024-12-31T22:08:30.156864,11.2255854,0.0001127,51.9774,186.7518,163.959,345.9149,0,U,25770,999,46292,6.5563e-05,-6.5e-07,0.0,8425.503096515264,Globalstar
GLOBALSTAR M049,1999-031B,2024-12-31T19:25:09.417792,11.12112042,0.0004676,51.9837,213.3673,89.7207,270.4125,0,U,25771,999,9880,-0.00034234,-7.5e-07,0.0,8478.183506276417,Globalstar
GLOBALSTAR M047,1999-031C,2024-12-31T19:20:56.202720,11.31925861,0.0016181,51.9805,226.336,340.0231,19.994,0,U,25772,999,45215,-6.5137e-05,-7.2e-07,0.0,8378.954905564862,Globalstar
GLOBALSTAR M052,1999-031D,2024-12-31T14:52:56.329824,11.15056546,0.000219,51.9896,324.8281,262.143,268.6764,0,U,25773,999,45981,0.00055069,-4.9e-07,0.0,8463.251501110579,Globalstar
GLOBALSTAR M035,1999-037A,2024-12-31T17:18:43.687008,11.04534961,0.0013893,51.9965,68.4295,73.5279,75.3901,0,U,25851,999,7775,0.00022296,-5.8e-07,0.0,8516.912721825744,Globalstar
GLOBALSTAR M032,1999-037B,2024-12-31T20:24:09.259488,11.19055154,0.0010048,51.9949,264.8855,248.134,111.8392,0,U,25852,999,11605,0.00025859,-5.9e-07,0.0,8443.078881564461,Globalstar
GLOBALSTAR M051,1999-037C,2024-12-31T13:19:38.290656,11.42199848,7.11e-05,51.9801,85.2827,224.8437,135.2316,0,U,25853,999,11323,0.00017404,-6.5e-07,0.0,8328.633970056424,Globalstar
GLOBALSTAR M030,1999-037D,2024-12-31T19:29:37.618944,11.55102314,0.0004373,51.9872,261.4134,99.6671,260.464,0,U,25854,999,13070,0.0015935,0.0,0.0,8266.497500051943,Globalstar
GLOBALSTAR M048,1999-041A,2024-12-31T17:34:40.465056,11.33852953,0.001325,51.9397,13.4157,254.4754,277.0757,0,U,25872,999,10598,0.00050248,-5.1e-07,0.0,8369.458321794968,Globalstar
GLOBALSTAR M026,1999-041B,2024-12-31T22:07:45.234912,11.06826387,0.0001453,51.997,187.6994,25.3746,150.8428,0,U,25873,999,12996,3.952e-05,-6.3e-07,0.0,8505.153807312294,Globalstar
GLOBALSTAR M043,1999-041C,2024-12-31T17:36:56.328192,11.25689215,0.001311,51.9393,114.3822,30.7333,139.8433,0,U,25874,999,10401,0.00051179,-5.1e-07,0.0,8409.87429880359,Globalstar
GLOBALSTAR M028,1999-041D,2024-12-31T15:09:31.154112,12.50573816,0.0063685,51.9644,332.6845,67.4509,293.3076,0,U,25875,999,16921,0.00066531,2e-08,0.0,7840.232716397481,Globalstar
GLOBALSTAR M024,1999-043A,2024-12-31T20:09:09.806976,11.10165018,0.00018,52.0044,38.216,173.7616,356.7914,0,U,25883,999,9627,0.0022608,-1e-08,0.0,8488.09338762994,Globalstar
GLOBALSTAR M027,1999-043B,2024-12-31T14:17:26.289024,11.04370431,0.0021884,52.0204,111.9997,82.5106,277.8172,0,U,25884,999,12272,-0.0029717,-1.42e-06,0.0,8517.758605186937,Globalstar
GLOBALSTAR M054,1999-043C,2024-12-31T19:06:56.551104,11.39213689,0.0005025,52.0137,266.9472,254.8426,145.7105,0,U,25885,999,9997,0.0041348,9.1e-07,0.0,8343.181883135741,Globalstar
GLOBALSTAR M053,1999-043D,2024-12-31T21:56:02.759712,11.27662236,0.000406,51.9945,204.4772,137.5691,3.6526,0,U,25886,999,10057,0.00066833,-4.6e-07,0.0,8400.061844643735,Globalstar
GLOBALSTAR M058,1999-049A,2024-12-31T20:26:03.726528,11.93191372,0.0001329,51.9907,196.0042,1.1275,358.9562,0,U,25907,999,52156,0.00017319,-7.2e-07,0.0,8089.625901285529,Globalstar
GLOBALSTAR M050,1999-049B,2024-12-31T20:14:10.008960,12.07447619,0.0010307,51.9964,216.2048,60.8287,53.3038,0,U,25908,999,12797,0.0013205,2.9e-07,0.0,8025.824183431847,Globalstar
GLOBALSTAR M033,1999-049C,2024-12-31T18:18:42.697152,12.2029428,0.0012156,51.9912,99.8191,276.8849,83.0615,0,U,25909,999,51530,-0.00010331,-1.02e-06,0.0,7969.396919685066,Globalstar
GLOBALSTAR M055,1999-049D,2024-12-31T18:39:21.460608,12.29417958,0.0007958,52.0012,118.676,141.1615,218.9809,0,U,25910,999,14769,0.00013092,-7.9e-07,0.0,7929.920005236794,Globalstar
GLOBALSTAR M057,1999-058A,2024-12-31T15:45:52.383456,12.24806039,0.0002649,51.9982,103.6475,54.6485,305.4612,0,U,25943,999,14640,0.00028465,-6.2e-07,0.0,7949.813895518413,Globalstar
GLOBALSTAR M059,1999-058B,2024-12-31T21:44:24.563904,11.99972657,8.34e-05,52.0034,299.7219,30.634,356.4265,0,U,25944,999,55396,-0.00040892,-1.19e-06,0.0,8059.11972953431,Globalstar
GLOBALSTAR M056,1999-058C,2024-12-31T14:38:48.655968,12.04775594,3.56e-05,51.9981,306.781,205.8497,325.1261,0,U,25945,999,14242,0.00059935,-3.6e-07,0.0,8037.68657711126,Globalstar
GLOBALSTAR M031,1999-058D,2024-12-31T21:35:52.486656,12.16025811,0.0001384,51.9929,208.3377,145.7479,299.4754,0,U,25946,999,14419,0.0013065,3.8e-07,0.0,7988.035369264554,Globalstar
GLOBALSTAR M039,1999-062A,2024-12-31T20:33:16.257024,12.6231429,0.0002213,51.9858,58.3692,344.0138,16.0658,0,U,25961,999,15908,0.00040392,-3.1e-07,0.0,7791.543665309911,Globalstar
GLOBALSTAR M034,1999-062B,2024-12-31T18:16:13.789344,11.79438786,0.0014643,51.9878,86.5967,87.466,59.3942,0,U,25962,999,11863,0.0022216,5.9e-07,0.0,8152.389187660224,Globalstar
GLOBALSTAR M029,1999-062C,2024-12-31T22:22:29.911296,11.99889958,0.0003435,51.977,187.8295,130.1151,20.4486,0,U,25963,999,14904,0.00031203,-6.1e-07,0.0,8059.490026539419,Globalstar
GLOBALSTAR M061,1999-062D,2024-12-31T11:25:34.921632,11.767696,0.0006708,51.9793,269.15,15.5782,155.5561,0,U,25964,999,10143,0.00074173,-3.5e-07,0.0,8164.712203231163,Globalstar
GLOBALSTAR M063,2000-008A,2024-12-31T21:47:14.509248,11.86167996,0.0004753,51.9919,192.125,7.3936,138.9804,0,U,26081,999,13772,0.00019513,-6.9e-07,0.0,8121.527263563795,Globalstar
GLOBALSTAR M062,2000-008B,2024-12-31T20:35:11.246784,12.43456511,0.0007896,51.9829,227.8454,109.4378,359.8897,0,U,26082,999,47580,-0.00032465,-1.44e-06,0.0,7870.121567525197,Globalstar
GLOBALSTAR M060,2000-008C,2024-12-31T18:54:13.949280,12.17652567,0.0004329,51.999,164.3749,131.7328,5.7464,0,U,26083,999,13197,0.0006924,-2.1e-07,0.0,7980.9192290517785,Globalstar
GLOBALSTAR M064,2000-008D,2024-12-31T20:51:41.668992,11.88528357,0.0002078,52.0045,293.0279,80.4512,279.6556,0,U,26084,999,14720,0.0010009,-1.3e-07,0.0,8110.771055833666,Globalstar
GLOBALSTAR M065,2007-020A,2024-12-31T19:39:41.131584,12.61990532,0.0010043,51.9912,15.6782,295.4642,234.6281,0,U,31571,999,81227,0.00077153,3.4e-07,0.0,7792.876198681137,Globalstar
GLOBALSTAR M069,2007-020C,2024-12-31T17:02:01.802976,12.53308121,4.3e-05,51.9971,336.2171,85.8544,85.5436,0,U,31573,999,81331,0.00025215,-6.1e-07,0.0,7828.82536456125,Globalstar
GLOBALSTAR M072,2007-020D,2024-12-31T17:21:51.224256,11.95103701,0.0001049,52.0084,77.8554,85.5639,92.8466,0,U,31574,999,81149,-0.00023637,-1.03e-06,0.0,8080.9939279952905,Globalstar
GLOBALSTAR M071,2007-020F,2024-12-31T16:40:34.011840,12.31891391,0.0001935,52.0084,340.6949,64.902,106.3769,0,U,31576,999,47451,0.00023383,-6.7e-07,0.0,7919.301809787598,Globalstar
GLOBALSTAR M067,2007-048A,2024-12-31T18:39:16.096032,12.40663695,0.0001201,51.9701,165.7841,53.9118,78.129,0,U,32263,999,78870,5.4475e-05,-9e-07,0.0,7881.927916784158,Globalstar
GLOBALSTAR M070,2007-048B,2025-01-01T03:51:41.516352,12.62309162,9.29e-05,51.9754,277.3321,66.4382,78.2341,0,U,32264,999,79355,0.00044219,-2.5e-07,0.0,7791.5647668541105,Globalstar
GLOBALSTAR M066,2007-048C,2024-12-31T22:11:33.604800,12.42169005,0.0001601,51.965,151.8543,102.6619,75.259,0,U,32265,999,79459,-0.00011996,-1.14e-06,0.0,7875.558873324333,Globalstar
GLOBALSTAR M068,2007-048D,2024-12-31T14:37:03.006048,12.62812691,0.0001732,51.9888,93.0858,126.1702,13.895,0,U,32266,999,79638,6.8931e-05,-9.1e-07,0.0,7789.493443785564,Globalstar
GLOBALSTAR M079,2010-054A,2024-12-31T20:42:40.794624,12.62269126,5.27e-05,52.0049,289.1509,36.3041,32.3846,0,U,37188,999,65532,0.00026105,-5.7e-07,0.0,7791.7295185337625,Globalstar
GLOBALSTAR M074,2010-054B,2024-12-31T21:22:47.720640,12.6226095,8.93e-05,52.0026,288.4132,54.6136,21.3189,0,U,37189,999,65593,0.00029951,-5e-07,0.0,7791.763164567504,Globalstar
GLOBALSTAR M076,2010-054C,2024-12-31T21:45:46.095264,12.62275494,8.41e-05,52.0038,288.5212,33.9845,354.1293,0,U,37190,999,65565,0.000218,-6.5e-07,0.0,7791.703313068299,Globalstar
GLOBALSTAR M077,2010-054D,2024-12-31T21:53:14.057664,12.62269292,9.8e-05,52.0058,245.3151,69.1419,41.7338,0,U,37191,999,65602,0.00026638,-5.6e-07,0.0,7791.728835411105,Globalstar
GLOBALSTAR M075,2010-054E,2024-12-31T22:06:47.384928,12.6227091,5.09e-05,51.9967,330.8247,57.776,337.6357,0,U,37192,999,65472,0.00017928,-7.2e-07,0.0,7791.722177030642,Globalstar
GLOBALSTAR M073,2010-054F,2024-12-31T20:32:31.906176,12.62261869,9.3e-05,52.0046,244.7161,62.5776,35.0417,0,U,37193,999,65670,0.00028558,-5.3e-07,0.0,7791.7593826627635,Globalstar
GLOBALSTAR M083,2011-033A,2024-12-31T23:06:46.019232,12.62270235,9.17e-05,51.9829,193.3486,95.2441,69.4917,0,U,37739,999,62573,7.9368e-05,-9e-07,0.0,7791.724954783433,Globalstar
GLOBALSTAR M088,2011-033B,2024-12-31T16:42:00.615744,12.6226675,7.39e-05,51.9732,99.7931,129.3231,21.081,0,U,37740,999,62124,5.0384e-05,-9.5e-07,0.0,7791.739296257596,Globalstar
GLOBALSTAR M091,2011-033C,2025-01-01T03:46:32.262240,12.62272227,5.85e-05,52.0008,61.6455,159.4504,228.1595,0,U,37741,999,62235,0.00014894,-7.7e-07,0.0,7791.716757333437,Globalstar
GLOBALSTAR M085,2011-033D,2024-12-31T13:02:25.482336,12.62263344,2.13e-05,51.9887,14.7006,153.4176,23.5758,0,U,37742,999,62252,8.4748e-05,-8.9e-07,0.0,7791.7533126946755,Globalstar
GLOBALSTAR M081,2011-033E,2024-12-31T19:20:20.541120,12.62274777,6.5e-06,51.9978,16.5839,321.0594,209.8753,0,U,37743,999,62270,0.00014876,-7.7e-07,0.0,7791.706263641265,Globalstar
GLOBALSTAR M089,2011-033F,2024-12-31T21:23:07.632384,12.62274348,6.74e-05,51.9952,330.5857,38.6175,339.0098,0,U,37744,999,62356,0.00016094,-7.5e-07,0.0,7791.708029048182,Globalstar
GLOBALSTAR M084,2011-080A,2024-12-31T22:23:14.138592,12.62273122,0.0001326,51.9979,197.6567,77.5722,69.9784,0,U,38040,999,60154,4.0869e-05,-9.6e-07,0.0,7791.713074249218,Globalstar
GLOBALSTAR M080,2011-080B,2024-12-31T21:43:26.840928,12.62260185,0.0001272,52.0033,199.2918,63.3272,76.9002,0,U,38041,999,60166,0.00010504,-8.5e-07,0.0,7791.766312728921,Globalstar
GLOBALSTAR M082,2011-080C,2024-12-31T22:01:29.724096,12.62271794,0.0001224,52.0054,154.6789,126.3935,11.9851,0,U,38042,999,60237,-6.4643e-05,-1.15e-06,0.0,7791.71853920703,Globalstar
GLOBALSTAR M092,2011-080D,2024-12-31T20:57:59.453856,12.62271355,0.0001063,52.007,245.1832,73.4813,344.4101,0,U,38043,999,60082,0.00024542,-6e-07,0.0,7791.72034577275,Globalstar
GLOBALSTAR M090,2011-080E,2024-12-31T18:54:40.098240,12.62265451,9.97e-05,51.9866,149.0976,115.8479,32.6164,0,U,38044,999,60247,-3.2034e-05,-1.1e-06,0.0,7791.744641920085,Globalstar
GLOBALSTAR M086,2011-080F,2024-12-31T21:22:37.419168,12.62265327,4.37e-05,51.9879,149.3224,45.5294,90.514,0,U,38045,999,60243,-3.3194e-05,-1.1e-06,0.0,7791.745152207052,Globalstar
GLOBALSTAR M097,2013-005A,2024-12-31T13:41:58.568928,12.62268329,3.91e-05,52.0058,64.6755,145.1097,214.9795,0,U,39072,999,54964,0.00011286,-8.4e-07,0.0,7791.73279834764,Globalstar
GLOBALSTAR M093,2013-005B,2024-12-31T14:57:00.812448,12.62260506,3.39e-05,51.9822,58.0832,152.9947,207.0937,0,U,39073,999,54960,0.00013218,-8e-07,0.0,7791.764991735311,Globalstar
GLOBALSTAR M094,2013-005C,2024-12-31T14:57:39.967200,12.62266515,1.72e-05,51.998,332.2998,9.1009,350.9861,0,U,39074,999,55121,4.9619e-05,-9.5e-07,0.0,7791.740263332117,Globalstar
GLOBALSTAR M096,2013-005D,2024-12-31T19:04:44.589792,12.62266248,2.44e-05,52.0092,20.1611,183.3712,176.7153,0,U,39075,999,55015,9.1011e-05,-8.7e-07,0.0,7791.741362093744,Globalstar
GLOBALSTAR M078,2013-005E,2024-12-31T18:25:53.266368,12.62267332,0.0001477,51.9877,104.976,147.4374,212.6583,0,U,39076,999,54877,-0.00036821,-1.7e-06,0.0,7791.736901206244,Globalstar
GLOBALSTAR M095,2013-005F,2024-12-31T15:16:25.081824,12.62269986,0.0001043,51.9799,102.6594,155.2998,204.7919,0,U,39077,999,54861,0.00012257,-8.2e-07,0.0,7791.725979466197,Globalstar
GLOBALSTAR M087,2022-064A,2024-12-31T17:15:35.986464,12.88918457,0.0021425,51.9768,245.9081,10.4926,349.6396,0,U,52888,999,12385,0.00021325,-5.7e-07,0.0,7683.9561799994435,Globalstar
ORBCOMM-X,1991-050C,2024-12-31T17:31:16.036608,14.43008405,0.0003242,98.3671,70.5886,351.0626,9.0506,0,U,21576,999,75796,0.00040676,1.319e-05,0.0,7126.712964715515,Orbcomm
ORBCOMM FM01,1995-017A,2024-12-31T14:26:47.088096,14.8638422,0.0006146,69.9655,130.9832,248.8099,111.2397,0,U,23545,999,58757,0.0020444,0.00018034,0.0,6987.381418456326,Orbcomm
ORBCOMM FM02,1995-017B,2024-12-31T16:05:00.201408,14.86478949,0.0007531,69.9664,150.5116,238.6489,121.3927,0,U,23546,999,58722,0.0027796,0.00024635,0.0,6987.08455824391,Orbcomm
ORBCOMM FM08,1997-084A,2024-12-31T23:31:15.616704,14.44715979,0.0005458,45.014,89.9393,145.006,215.115,0,U,25112,999,41735,0.00201,6.903e-05,0.0,7121.096272134562,Orbcomm
ORBCOMM FM10,1997-084B,2024-12-31T17:31:37.604640,14.44534814,0.0002542,45.0152,93.2382,109.3366,250.776,0,U,25113,999,59229,0.0016813,5.727e-05,0.0,7121.6916501663745,Orbcomm
ORBCOMM FM11,1997-084C,2024-12-31T15:18:31.992192,14.44318404,0.0003456,45.0136,94.0235,105.8272,254.296,0,U,25114,999,41724,0.0018847,6.409e-05,0.0,7122.403019995659,Orbcomm
ORBCOMM FM12,1997-084D,2024-12-31T17:46:15.089952,14.44321064,0.0002426,45.0145,93.2923,110.7769,249.3342,0,U,25115,999,41705,0.0017453,5.924e-05,0.0,7122.394275126612,Orbcomm
ORBCOMM FM09,1997-084E,2024-12-31T18:14:23.345952,14.44235296,0.000339,45.0147,93.9833,80.7281,279.3953,0,U,25116,999,41726,0.0016604,5.618e-05,0.0,7122.676254786378,Orbcomm
ORBCOMM FM05,1997-084F,2024-12-31T16:25:20.145216,14.44835364,0.0001175,45.0148,91.6896,190.1564,169.9264,0,U,25117,999,41637,0.0017869,6.135e-05,0.0,7120.7039950129365,Orbcomm
ORBCOMM FM06,1997-084G,2024-12-31T19:00:25.523712,14.45016697,0.0001722,45.0141,91.1175,224.6461,287.192,0,U,25118,999,41730,0.0018356,6.33e-05,0.0,7120.108271504582,Orbcomm
ORBCOMM FM07,1997-084H,2024-12-31T16:51:21.312864,14.4489791,9.64e-05,45.0136,92.2687,148.9474,211.1434,0,U,25119,999,41728,0.0018349,6.312e-05,0.0,7120.498501940971,Orbcomm
ORBCOMM FM03,1998-007B,2024-12-31T15:43:49.869984,14.3372101,0.0046603,107.9667,151.599,184.9829,175.0851,0,U,25158,999,40002,0.0020047,5.518e-05,0.0,7157.45690218197,Orbcomm
ORBCOMM FM04,1998-007C,2024-12-31T21:05:44.006784,14.33991893,0.0042102,107.9654,155.1628,182.4961,177.5973,0,U,25159,999,40023,0.0019548,5.394e-05,0.0,7156.555504968593,Orbcomm
ORBCOMM FM17,1998-046A,2024-12-31T20:59:40.822656,14.34445764,0.0001618,44.9952,326.8891,39.3237,320.7726,0,U,25413,999,37914,0.001423,3.905e-05,0.0,7155.04582813042,Orbcomm
ORBCOMM FM18,1998-046B,2024-12-31T20:52:43.041504,14.37657316,0.000413,44.9915,248.6364,148.1843,211.9255,0,U,25414,999,38016,0.00166,4.894e-05,0.0,7144.386187478539,Orbcomm
ORBCOMM FM19,1998-046C,2024-12-31T21:11:36.040128,14.37472551,0.0003036,44.9928,250.313,135.5793,323.3365,0,U,25415,999,38012,0.0016177,4.747e-05,0.0,7144.998375046369,Orbcomm
ORBCOMM FM20,1998-046D,2024-12-31T21:49:44.944608,14.36538202,6.18e-05,44.993,253.0928,62.2833,297.8078,0,U,25416,999,38020,0.001181,3.36e-05,0.0,7148.0961920054915,Orbcomm
ORBCOMM FM16,1998-046E,2024-12-31T21:09:54.082080,14.37968573,0.0003735,44.9922,246.8413,163.8216,196.2752,0,U,25417,999,38016,0.0015348,4.543e-05,0.0,7143.3551865305335,Orbcomm
ORBCOMM FM15,1998-046F,2024-12-31T21:18:52.474176,14.37651682,0.0003212,44.9955,251.4786,165.6806,194.4133,0,U,25418,999,38016,0.001466,4.304e-05,0.0,7144.404852846047,Orbcomm
ORBCOMM FM14,1998-046G,2024-12-31T21:00:09.483264,14.37946186,0.0002315,44.9944,250.2198,148.3575,211.7413,0,U,25419,999,38012,0.0014963,4.423e-05,0.0,7143.429328330446,Orbcomm
ORBCOMM FM13,1998-046H,2024-12-31T20:29:32.274528,14.36894445,0.0004238,44.9963,256.7804,147.3051,212.806,0,U,25420,999,37916,0.0013236,3.812e-05,0.0,7146.914678882156,Orbcomm
ORBCOMM FM21,1998-053A,2025-01-01T02:32:08.400192,14.36680594,0.0001169,45.0093,340.369,328.747,31.3308,0,U,25475,999,37354,0.0014876,4.282e-05,0.0,7147.623877082164,Orbcomm
ORBCOMM FM22,1998-053B,2025-01-01T02:44:24.092736,14.37521113,0.0001543,45.0086,336.4116,56.3098,303.7897,0,U,25476,999,37358,0.0016129,4.737e-05,0.0,7144.8374603710745,Orbcomm
ORBCOMM FM23,1998-053C,2025-01-01T02:58:15.373056,14.36793369,0.0001009,45.0092,342.5987,22.5148,337.5744,0,U,25477,999,37367,0.0016724,4.844e-05,0.0,7147.249857247265,Orbcomm
ORBCOMM FM24,1998-053D,2025-01-01T02:59:33.044928,14.37286382,8.54e-05,45.009,340.7713,6.3443,353.7416,0,U,25478,999,37368,0.0016533,4.836e-05,0.0,7145.615347189107,Orbcomm
ORBCOMM FM25,1998-053E,2024-12-31T16:14:12.990336,14.37267434,0.0002016,45.0081,341.1487,115.9743,244.1312,0,U,25479,999,37363,0.0018263,5.355e-05,0.0,7145.678149151081,Orbcomm
ORBCOMM FM26,1998-053F,2024-12-31T15:41:37.759200,14.3645162,0.0003991,45.0078,336.576,151.4497,208.657,0,U,25480,999,37355,0.0014146,4.046e-05,0.0,7148.383423049324,Orbcomm
ORBCOMM FM27,1998-053G,2024-12-31T15:59:13.080768,14.37270787,0.0001907,45.0064,341.4458,312.3523,47.7163,0,U,25481,999,37356,0.0017784,5.211e-05,0.0,7145.667035741618,Orbcomm
ORBCOMM FM28,1998-053H,2024-12-31T20:52:25.182624,14.37556925,0.0002922,45.0054,278.2794,177.846,182.2401,0,U,25482,999,37427,0.0015149,4.444e-05,0.0,7144.718799803248,Orbcomm
ORBCOMM FM30,1999-065A,2024-12-31T20:54:00.309888,14.36595504,0.0006994,45.0293,161.3002,240.5209,119.4942,0,U,25980,999,31038,0.0013295,3.806e-05,0.0,7147.906111624536,Orbcomm
ORBCOMM FM31,1999-065B,2024-12-31T20:08:13.570080,14.36568085,0.0004082,45.0207,155.003,256.138,103.9014,0,U,25981,999,30993,0.0013435,3.845e-05,0.0,7147.99706348695,Orbcomm
ORBCOMM FM32,1999-065C,2024-12-31T20:14:01.908960,14.35602225,0.0005753,45.0133,170.4293,260.9529,99.0667,0,U,25982,999,31054,0.0012792,3.582e-05,0.0,7151.202775301796,Orbcomm
ORBCOMM FM33,1999-065D,2024-12-31T13:51:12.262464,14.3916052,0.0010154,45.0288,75.3982,288.2432,71.7312,0,U,25983,999,31191,0.0015559,4.726e-05,0.0,7139.410444014451,Orbcomm
ORBCOMM FM36,1999-065E,2024-12-31T21:03:03.690720,14.37276568,0.000461,45.0371,163.3253,182.5881,177.4944,0,U,25984,999,31034,0.0017065,4.996e-05,0.0,7145.647874906584,Orbcomm
ORBCOMM FM35,1999-065F,2024-12-31T19:30:21.065184,14.36400831,0.0003545,45.0374,167.4077,259.1668,100.8781,0,U,25985,999,31071,0.0011743,3.331e-05,0.0,7148.551926203565,Orbcomm
ORBCOMM FM34,1999-065G,2024-12-31T20:28:08.357664,14.36442133,0.000468,45.0367,167.744,214.6155,145.4389,0,U,25986,999,31083,0.0013996,4.001e-05,0.0,7148.414897406385,Orbcomm
ORBCOMM FM38,2008-031A,2024-12-31T19:08:08.098080,14.7998201,0.000547,48.4407,32.2474,28.635,331.4865,0,U,33060,999,88994,0.00089755,6.656e-05,0.0,7007.517921019167,Orbcomm
ORBCOMM FM41,2008-031B,2024-12-31T20:32:10.229280,14.79616902,0.0004872,48.4441,39.2025,12.4465,157.6446,0,U,33061,999,88944,0.00092608,6.814e-05,0.0,7008.67064987271,Orbcomm
ORBCOMM FM29,2008-031C,2024-12-31T20:21:11.183904,14.79653439,0.0006548,48.4393,47.2128,13.8574,156.6075,0,U,33062,999,88935,0.00094934,6.997e-05,0.0,7008.555272921742,Orbcomm
ORBCOMM FM39,2008-031D,2024-12-31T16:35:09.199680,14.78372205,0.0007671,48.4404,70.4859,348.644,11.43,0,U,33063,999,88900,0.00086078,6.131e-05,0.0,7012.604006497072,Orbcomm
ORBCOMM FM37,2008-031E,2024-12-31T15:25:22.107936,14.78577514,0.0005933,48.4399,59.5141,4.354,131.4166,0,U,33064,999,88924,0.00080319,5.734e-05,0.0,7011.954831180929,Orbcomm
ORBCOMM FM40,2008-031F,2024-12-31T15:53:02.279616,14.80501415,0.0007218,48.4421,46.0737,17.1682,136.6955,0,U,33065,999,88932,0.00097651,7.354e-05,0.0,7005.878857990017,Orbcomm
VESSELSAT 1,2011-058C,2024-12-31T09:26:42.968832,14.11286964,0.0013783,19.9634,29.16,140.2945,219.847,0,U,37840,999,68257,0.00019995,6.32e-06,0.0,7233.108081902695,Orbcomm
ORBCOMM FM109,2014-040A,2024-12-31T16:44:44.921760,14.57561332,0.0002759,47.0031,87.022,282.5586,77.4991,0,U,40086,999,55662,0.00087924,3.873e-05,0.0,7079.196202704989,Orbcomm
ORBCOMM FM107,2014-040B,2024-12-31T17:37:04.046304,14.57693842,0.0002386,47.0047,87.8751,250.5382,109.5246,0,U,40087,999,55670,0.00064879,2.822e-05,0.0,7078.7671786879,Orbcomm
ORBCOMM FM106,2014-040C,2024-12-31T20:40:27.033600,14.68616016,0.0017273,47.0601,282.636,9.1084,351.0116,0,U,40088,999,55887,0.00084338,4.779e-05,0.0,7043.626757411307,Orbcomm
ORBCOMM FM111,2014-040D,2024-12-31T21:23:53.574720,14.8460195,0.0030016,47.0006,154.7323,114.7755,245.6269,0,U,40089,999,56535,0.00098435,8.273e-05,0.0,6992.972551210301,Orbcomm
ORBCOMM FM104,2014-040E,2024-12-31T17:56:30.930144,14.56144569,0.0016589,47.0039,119.4396,163.6844,196.4578,0,U,40090,999,55621,0.00072634,3.074e-05,0.0,7083.787284196893,Orbcomm
ORBCOMM FM103,2014-040F,2024-12-31T16:46:51.104640,14.57633012,0.0002939,47.0051,88.4999,245.5291,114.5288,0,U,40091,999,53966,0.00069325,3.023e-05,0.0,7078.964118250881,Orbcomm
ORBCOMM FM114,2015-081A,2024-12-31T10:51:58.924512,14.57693094,0.0003047,47.0032,358.8202,300.1081,59.9502,0,U,41179,999,47999,0.00068048,2.968e-05,0.0,7078.769600284698,Orbcomm
ORBCOMM FM119,2015-081B,2024-12-31T21:52:47.316000,14.57611704,0.0001208,46.9996,265.9018,354.2318,5.8553,0,U,41180,999,48131,0.00066049,2.87e-05,0.0,7079.0331069943695,Orbcomm
ORBCOMM FM105,2015-081C,2024-12-31T20:02:14.987616,14.44942056,0.0002091,47.001,255.0896,289.1617,70.9037,0,U,41181,999,47654,0.00041351,1.297e-05,0.0,7120.35347046089,Orbcomm
ORBCOMM FM110,2015-081D,2024-12-31T10:17:03.000480,14.57728283,7.96e-05,47.0021,358.3073,50.1946,309.9009,0,U,41182,999,47986,0.00082857,3.654e-05,0.0,7078.655680642951,Orbcomm
ORBCOMM FM118,2015-081E,2024-12-31T16:23:57.205536,14.57656978,0.0001221,47.0046,357.4955,62.0237,298.0772,0,U,41183,999,48000,0.00088924,3.928e-05,0.0,7078.886525730137,Orbcomm
ORBCOMM FM112,2015-081F,2024-12-31T21:19:06.540960,14.57659873,0.0001381,46.9978,265.1882,332.8113,27.2699,0,U,41184,999,48125,0.00081338,3.578e-05,0.0,7078.877152998012,Orbcomm
ORBCOMM FM113,2015-081G,2024-12-31T20:46:34.498848,14.57660062,0.0001154,46.9997,265.6004,0.3053,359.7833,0,U,41185,999,48123,0.0008119,3.572e-05,0.0,7078.876541100518,Orbcomm
ORBCOMM FM115,2015-081H,2024-12-31T18:46:47.193024,14.61882579,0.0001245,46.9975,115.4052,290.3205,69.7548,0,U,41186,999,48327,0.00073904,3.56e-05,0.0,7065.238836361553,Orbcomm
ORBCOMM FM108,2015-081J,2024-12-31T21:16:48.298368,14.57676377,0.0003213,47.002,176.7657,243.7716,116.2839,0,U,41187,999,48238,0.00088203,3.896e-05,0.0,7078.823720923589,Orbcomm
ORBCOMM FM117,2015-081K,2024-12-31T20:28:54.738048,14.57663567,0.0003437,46.9984,175.7462,256.1528,103.8975,0,U,41188,999,48247,0.00066618,2.9e-05,0.0,7078.865193501624,Orbcomm
ORBCOMM FM116,2015-081L,2024-12-31T21:52:57.238176,14.57677067,0.0002062,47.0008,265.3173,351.9897,8.0955,0,U,41189,999,48124,0.00083141,3.663e-05,0.0,7078.821487054893,Orbcomm
OSCAR 7 (AO-7),1974-089B,2024-12-31T23:00:45.972288,12.53684506,0.0012384,101.9905,3.5441,67.1464,307.9019,0,U,7530,999,29382,0.00011122,-2.9e-07,0.0,7827.25835686908,Amateur Radio
PHASE 3B (AO-10),1983-058B,2024-12-31T02:12:46.883520,2.05871509,0.6043467,27.2164,308.0831,329.3267,6.2135,0,U,14129,999,28451,0.0,-8.3e-07,0.0,26101.833163278945,Amateur Radio
UOSAT 2 (UO-11),1984-021B,2024-12-31T20:37:30.442368,14.88376145,0.0008904,97.733,330.7146,135.4735,224.7199,0,U,14781,999,17787,0.00058884,5.406e-05,0.0,6981.145787693639,Amateur Radio
LUSAT (LO-19),1990-005G,2024-12-31T20:53:03.892416,14.33814123,0.0011143,98.8952,2.5131,331.4527,28.6045,0,U,20442,999,82616,0.00029108,7.63e-06,0.0,7157.147024963636,Amateur Radio
EYESAT A (AO-27),1993-061C,2024-12-31T10:06:01.454688,14.30694791,0.0007787,98.7625,60.9973,216.3024,143.763,0,U,22825,999,63081,0.00020982,5.04e-06,0.0,7167.546360561602,Amateur Radio
ITAMSAT (IO-26),1993-061D,2024-12-31T21:42:55.938240,14.31097894,0.0008585,98.757,61.3569,199.0043,161.082,0,U,22826,999,63117,0.0002466,6.05e-06,0.0,7166.200356626271,Amateur Radio
RADIO ROSTO (RS-15),1994-085A,2024-12-31T21:24:07.233696,11.27579951,0.0145868,64.8171,84.048,105.6743,256.0327,0,U,23439,999,23588,-0.00052597,-6.1e-07,0.0,8400.470501952603,Amateur Radio
JAS-2 (FO-29),1996-046B,2024-12-31T03:56:02.059008,13.53228207,0.0350575,98.5889,275.0438,38.2228,324.3219,0,U,24278,999,40107,0.00011594,8e-07,0.0,7438.541897176224,Amateur Radio
TECHSAT 1B (GO-32),1998-043D,2024-12-31T15:51:57.959136,14.24224065,8.82e-05,98.9502,336.6298,1.0306,359.0874,0,U,25397,999,37552,0.00021912,4.59e-06,0.0,7189.239660592319,Amateur Radio
ISS (ZARYA),1998-067A,2024-12-31T19:30:49.950432,15.50544003,0.0006091,51.6382,56.2039,28.0496,332.082,0,U,25544,999,48920,0.00048311,0.00027763,0.0,6793.273673466333,Amateur Radio
PCSAT (NO-44),2001-043C,2024-12-31T17:40:54.120864,14.31561545,0.0006454,67.0494,181.068,260.5488,99.4885,0,U,26931,999,21422,0.0003463,8.4e-06,0.0,7164.652957632697,Amateur Radio
SAUDISAT 1C (SO-50),2002-058C,2024-12-31T21:01:52.677696,14.8064012,0.0037034,64.5563,333.1584,16.8171,343.4152,0,U,27607,999,18557,0.00077113,5.872e-05,0.0,7005.441314981145,Amateur Radio
CUTE-1 (CO-55),2003-031E,2024-12-31T22:55:56.846784,14.23737601,0.0008725,98.6776,11.3005,293.8546,66.1718,0,U,27844,999,11592,0.00062873,1.393e-05,0.0,7190.877184786641,Amateur Radio
CUBESAT XI-IV (CO-57),2003-031J,2024-12-30T11:53:16.911168,14.23107145,0.0008828,98.6804,9.9829,316.8669,43.1817,0,U,27848,999,11545,0.00054607,1.189e-05,0.0,7193.000799541442,Amateur Radio
MOZHAYETS 4 (RS-22),2003-042A,2024-12-31T22:37:13.168128,14.71492364,0.0012096,98.3083,166.7797,150.7204,0.5026,0,U,27939,999,13721,0.00079312,4.876e-05,0.0,7034.444909844849,Amateur Radio
CUBESAT XI-V,2005-043F,2024-12-31T08:06:46.766592,14.69783433,0.0016001,98.225,143.0623,94.5347,265.7687,0,U,28895,999,2339,0.00099531,5.903e-05,0.0,7039.8965305146185,Amateur Radio
CUTE-1.7+APD II (CO-65),2008-021C,2024-12-31T19:48:51.446880,15.01274184,0.0011784,97.7702,331.3677,53.0196,307.2105,0,U,32785,999,90508,0.0010726,0.00013768,0.0,6941.103127481313,Amateur Radio
SEEDS II (CO-66),2008-021J,2024-12-31T16:02:11.554656,15.12036772,0.000549,97.7126,338.077,23.8385,336.3098,0,U,32791,999,90627,0.001627,0.00027992,0.0,6908.126355343242,Amateur Radio
YUBILEINY (RS-30),2008-025A,2024-12-31T21:24:21.688416,12.43156249,0.0020382,82.5046,326.5119,36.0335,324.2114,0,U,32953,999,75355,0.00019673,3.7e-07,0.0,7871.388773921233,Amateur Radio
KKS-1 (KISEKI),2009-002H,2024-12-31T21:21:02.683296,14.80561395,0.0007376,98.1284,270.8337,204.9119,155.1737,0,U,33499,999,85735,0.00078931,6.002e-05,0.0,7005.689643523747,Amateur Radio
SWISSCUBE,2009-051B,2024-12-31T15:26:40.078752,14.60509912,0.0008256,98.4477,253.7997,69.3645,290.8439,0,U,35932,999,81136,0.0009843,4.731e-05,0.0,7069.665008161548,Amateur Radio
BEESAT-1,2009-051C,2024-12-31T15:04:25.309344,14.60045994,0.0006696,98.4407,254.4097,80.7718,279.4238,0,U,35933,999,81142,0.0008501,4.037e-05,0.0,7071.162482078481,Amateur Radio
ITUPSAT1,2009-051E,2025-01-01T03:11:49.021728,14.58904949,0.000892,98.4504,254.588,86.2111,274.0107,0,U,35935,999,81114,0.0008306,3.846e-05,0.0,7074.849020259869,Amateur Radio
XIWANG-1 (HOPE-1),2009-072B,2024-12-31T20:46:39.957600,13.16416358,0.0007705,100.3261,320.1882,15.3069,344.8276,0,U,36122,999,72296,3.523e-05,-3e-07,0.0,7576.576183455148,Amateur Radio
O/OREOS (USA 219),2010-062C,2025-01-01T01:24:26.946144,14.89855313,0.0015191,71.97,202.5124,351.787,8.3047,0,U,37224,999,3727,0.00075516,7.224e-05,0.0,6976.524311223656,Amateur Radio
JUGNU,2011-058B,2024-12-31T22:31:00.875712,14.13469675,0.0018489,19.9619,301.3644,319.3417,104.0665,0,U,37839,999,68362,0.0004018,1.034e-05,0.0,7225.659814256749,Amateur Radio
SRMSAT,2011-058D,2024-12-31T20:02:40.886880,14.11325593,0.0011969,19.9731,41.1558,107.4573,50.1205,0,U,37841,999,68251,0.00033488,8.79e-06,0.0,7232.976097708499,Amateur Radio
STRAND-1,2013-009E,2024-12-31T23:33:35.608896,14.36553485,0.0009299,98.3766,189.8964,27.9918,332.1767,0,U,39090,999,62065,0.00048346,1.379e-05,0.0,7148.04549448584,Amateur Radio
ZACUBE-1 (TSHEPISOSAT),2013-066B,2024-12-31T20:33:39.576384,14.93714349,0.0045169,97.7607,319.2531,223.8959,135.8669,0,U,39417,999,60104,0.0011367,0.00012228,0.0,6964.503153209536,Amateur Radio
GOMX-1,2013-066Q,2024-12-31T21:22:29.594784,14.6633573,0.0135178,97.7023,229.2567,343.68,16.0072,0,U,39430,999,59181,0.0012907,8.121e-05,0.0,7050.92718808555,Amateur Radio
CUBEBUG-2 (LO-74),2013-066AA,2024-12-31T13:59:05.142624,14.8731204,0.0065123,97.8344,306.7065,348.9371,11.0409,0,U,39440,999,59763,0.0015499,0.00014506,0.0,6984.475188387251,Amateur Radio
FUNCUBE-1 (AO-73),2013-066AE,2024-12-31T14:52:01.156512,14.9803138,0.0042431,97.744,322.8371,200.3011,159.6526,0,U,39444,999,59960,0.001408,0.00016918,0.0,6951.116502060727,Amateur Radio
UWE-3,2013-066AG,2024-12-31T19:43:44.558400,14.90232085,0.005433,97.8065,313.1254,289.3921,70.1429,0,U,39446,999,59809,0.0013607,0.00013531,0.0,6975.348355782979,Amateur Radio
UNISAT-6,2014-033C,2024-12-31T17:03:46.632960,14.83132651,0.0050136,97.7192,161.782,20.8517,339.4727,0,U,40012,999,56708,0.0011033,9.15e-05,0.0,6997.590286887343,Amateur Radio
DUCHIFAT-1,2014-033M,2024-12-31T10:02:07.765152,15.183509,0.0011499,98.0991,2.0657,138.7454,221.4649,0,U,40021,999,57393,0.0016974,0.00034985,0.0,6888.961228303772,Amateur Radio
QB50P1,2014-033R,2024-12-31T12:57:59.476608,15.0590692,0.0009878,98.0667,334.937,232.4669,127.566,0,U,40025,999,57251,0.0013736,0.00019968,0.0,6926.860189456236,Amateur Radio
XW-2C,2015-049H,2024-12-30T23:36:50.544576,15.76497982,0.000191,97.4502,31.4021,336.065,24.0526,0,U,40906,999,51505,0.0013553,0.00219446,0.0,6718.508875296276,Amateur Radio
LILACSAT-2,2015-049K,2025-01-01T02:14:46.270176,15.33304033,0.0011371,97.5172,18.1207,21.0717,339.0991,0,U,40908,999,51374,0.00074031,0.00023838,0.0,6844.099625224403,Amateur Radio
FOX-1A (AO-85),2015-058D,2025-01-01T01:54:13.544352,14.85715402,0.0182443,64.7767,127.208,244.7605,113.4498,0,U,40967,999,3435,0.0012524,0.00014613,0.0,6989.478247096988,Amateur Radio
CAS-2T & KS-1Q,2016-066G,2024-12-31T20:47:20.219136,14.42628708,0.0348117,98.4403,76.667,301.438,55.3208,0,U,41847,999,42798,0.00053926,3.684e-05,0.0,7127.963400964061,Amateur Radio
ZHUHAI-1 02 (CAS-4B),2017-034B,2024-12-31T22:06:02.521728,15.43021913,0.0016558,43.0108,178.2206,259.9569,99.942,0,U,42759,999,41778,0.0014129,0.00064317,0.0,6815.333497581319,Amateur Radio
ZHUHAI-1 01 (CAS-4A),2017-034D,2024-12-31T21:32:47.610528,15.43338831,0.0017526,43.0145,176.4452,267.0719,92.8133,0,U,42761,999,41779,0.0014604,0.00067275,0.0,6814.400466006811,Amateur Radio
RADFXSAT (FOX-1B),2017-073E,2024-12-31T10:40:55.137504,15.00027893,0.0189569,97.5474,235.4614,351.3192,8.4767,0,U,43017,999,38516,0.0012574,0.00022917,0.0,6944.947250180918,Amateur Radio
DIWATA-2B,2018-084H,2025-01-01T02:41:19.087872,14.96985841,0.0009656,98.0873,171.4207,93.9238,266.3087,0,U,43678,999,33651,0.00041796,4.75e-05,0.0,6954.352701748671,Amateur Radio
ES'HAIL 2,2018-090A,2024-12-31T21:55:42.938688,1.00270398,0.0002384,0.0181,28.8987,296.8898,129.757,0,U,43700,999,2234,0.0,1.65e-06,0.0,42165.12079212231,Amateur Radio
FOX-1CLIFF (AO-95),2018-099N,2024-12-31T14:39:47.572128,15.12334322,0.0013121,97.5187,60.7822,51.2838,308.9564,0,U,43770,999,33233,0.0011884,0.00020614,0.0,6907.220215134991,Amateur Radio
ITASAT,2018-099AE,2024-12-31T21:56:47.616864,15.09365872,0.0016338,97.4823,58.9532,40.6366,319.6079,0,U,43786,999,33234,0.001047,0.00016733,0.0,6916.273475340502,Amateur Radio
JY1SAT (JO-97),2018-099AX,2024-12-31T09:51:36.161280,15.14885314,0.000812,97.4932,61.3577,353.9136,6.1996,0,U,43803,999,33247,0.001175,0.00021867,0.0,6899.4637588856,Amateur Radio
UWE-4,2018-111E,2024-12-31T11:43:29.680608,15.18329596,0.00163,97.6005,271.7321,52.9018,307.3703,0,U,43880,999,32727,0.0014714,0.00030335,0.0,6889.025668456595,Amateur Radio
DUCHIFAT-3,2019-089C,2024-12-31T21:09:50.194944,15.30078326,0.0012599,36.9504,277.8154,303.1274,56.8268,0,U,44854,999,27841,0.0018527,0.00055699,0.0,6853.715390126114,Amateur Radio
TIANYAN 01,2019-093C,2025-01-01T04:02:08.427840,14.84923045,0.0014877,97.8111,80.0927,39.2118,321.0171,0,U,44881,999,27241,0.00044644,3.755e-05,0.0,6991.964422894609,Amateur Radio
RS-44 & BREEZE-KM R/B,2019-096E,2024-12-31T16:11:23.757792,12.79737481,0.0216674,82.5227,333.5412,309.7032,48.514,0,U,44909,999,23423,6.0283e-05,2.4e-07,0.0,7720.66273641531,Amateur Radio
SALSAT,2020-068K,2024-12-31T14:34:19.057728,15.18649024,0.0012824,97.8422,331.9139,5.2027,354.9337,0,U,46495,999,23421,0.00083756,0.00017341,0.0,6888.0596235019875,Amateur Radio
LEDSAT,2021-073D,2024-12-31T16:14:15.566784,15.39837446,0.0013308,97.4135,78.0819,302.7865,57.2098,0,U,49069,999,18667,0.0014512,0.00058039,0.0,6824.7265803703385,Amateur Radio
XW-3 (CAS-9),2021-131B,2025-01-01T03:44:25.302624,14.40406077,0.0003225,98.5192,91.3098,247.752,112.3326,0,U,50466,999,15849,0.00075838,2.365e-05,0.0,7135.294093358529,Amateur Radio
GREENCUBE,2022-080B,2024-12-22T10:50:05.589312,6.42557665,0.0008284,70.1377,127.1156,64.6124,295.5392,0,U,53106,999,5736,0.0,-3e-08,0.0,12221.57288965844,Amateur Radio
CAS-5A (FO-118),2022-167C,2025-01-01T03:48:53.710272,15.62584008,0.0003899,97.6126,160.6295,174.4848,185.6453,0,U,54684,999,11481,0.0024133,0.00220702,0.0,6758.333068326222,Amateur Radio
STRATOSAT-TK 1 (RS52S),2023-091B,2025-01-01T02:23:10.988736,15.25551567,0.0012264,97.5819,60.9773,148.6354,211.5617,0,U,57167,999,8358,0.0021376,0.00054612,0.0,6867.266683205433,Amateur Radio
UMKA 1 (RS40S),2023-091G,2025-01-01T02:47:02.939136,15.12155376,0.0015838,97.5842,57.4526,159.4191,200.7681,0,U,57172,999,8335,0.00089893,0.00015502,0.0,6907.765130501684,Amateur Radio
CUBESX-HSE 3 (RS42S),2023-091N,2025-01-01T02:31:07.512384,15.15617682,0.0015719,97.5875,58.6461,151.8986,208.3098,0,U,57178,999,8341,0.0013688,0.0002609,0.0,6897.240967230337,Amateur Radio
MONITOR-3 (RS58S),2023-091Q,2025-01-01T02:52:25.258656,15.14571772,0.001616,97.5868,58.2741,152.8948,207.3131,0,U,57180,999,8339,0.0012386,0.00022908,0.0,6900.415929910118,Amateur Radio
MONITOR-4 (RS57S),2023-091S,2024-12-31T22:07:06.248640,15.1456582,0.0016219,97.5865,58.0374,154.0926,206.1121,0,U,57182,999,8336,0.0011063,0.00020445,0.0,6900.434008247894,Amateur Radio
MONITOR-2 (RS39S),2023-091U,2025-01-01T02:28:49.750176,15.11646456,0.0013783,97.5872,57.8394,148.9099,211.2949,0,U,57184,999,8336,0.000876,0.00014881,0.0,6909.315450061105,Amateur Radio
SVYATOBOR 1 (RS60S),2023-091X,2025-01-01T02:14:39.139584,15.14827509,0.0012974,97.5876,58.9345,143.4035,216.8085,0,U,57187,999,8343,0.0010954,0.00020368,0.0,6899.639277644347,Amateur Radio
VIZARD-METEO (RS38S),2023-091Z,2025-01-01T02:38:42.714240,15.17789453,0.0011675,97.5863,59.9308,139.0109,221.2004,0,U,57189,999,8350,0.0013993,0.00028346,0.0,6890.659991897177,Amateur Radio
NANOZOND 1 (RS49S),2023-091AA,2025-01-01T03:44:27.521376,15.24455151,0.0009389,97.5829,61.6744,137.8654,222.3306,0,U,57190,999,8363,0.0019524,0.00048184,0.0,6870.5589977552945,Amateur Radio
POLYTECH-UNIVERSE 3 (RS46S),2023-091AB,2025-01-01T02:37:14.232864,15.11675032,0.001835,97.5838,57.4419,166.4385,193.7342,0,U,57191,999,8335,0.00082314,0.00014013,0.0,6909.228376134862,Amateur Radio
UTMN 2 (RS27S),2023-091AP,2024-12-31T22:25:25.794912,15.16691279,0.0012189,97.5863,59.3925,140.2981,219.9147,0,U,57203,999,8345,0.0012132,0.00023797,0.0,6893.985753647115,Amateur Radio
ARCCUBE 1 (RS25S),2023-091AR,2025-01-01T02:43:22.085184,15.28334545,0.0008834,97.5775,62.3019,138.3309,221.8605,0,U,57205,999,8368,0.0021863,0.00060746,0.0,6858.927646468442,Amateur Radio
KUZGTU 1 (RS47S),2023-091AV,2025-01-01T03:28:33.690432,15.15249977,0.001575,97.5851,58.4138,152.5417,207.665,0,U,57217,999,8341,0.0013017,0.00024546,0.0,6898.356755588705,Amateur Radio
SONATE-2,2024-043Q,2024-12-31T14:08:32.929728,15.27610234,0.0012171,97.4962,129.7349,325.6266,34.4184,0,U,59112,999,4584,0.0010983,0.00029721,0.0,6861.095566060175,Amateur Radio
MESAT1,2024-125G,2024-12-31T19:53:08.772000,15.27772219,0.0022799,97.2957,214.9372,352.6491,7.4411,0,U,60209,999,2749,0.0012693,0.00034743,0.0,6860.610583551222,Amateur Radio
OOV-CUBE (TUBSAT-30),2024-128F,2024-12-31T18:07:06.476448,14.98608346,0.0031891,61.9981,276.8257,14.7576,345.4436,0,U,60240,999,2619,0.00070944,8.451e-05,0.0,6949.332262131992,Amateur Radio
COLIBRI-S (RS67S),2024-199M,2025-01-01T02:49:36.599808,15.26262952,0.0015442,97.3797,231.1604,35.0771,325.1482,0,U,61746,999,5571,0.0011713,0.00030479,0.0,6865.1326472223245,Amateur Radio
HORS 3 (RS81S),2024-199U,2024-12-31T22:09:12.993984,15.26343054,0.001415,97.377,230.9447,42.7746,317.4591,0,U,61753,999,5568,0.0013001,0.00033918,0.0,6864.892458463606,Amateur Radio
HORS 4 (RS82S),2024-199V,2024-12-31T22:00:41.847264,15.26611604,0.0014352,97.377,230.9518,42.718,317.5171,0,U,61754,999,5568,0.001364,0.0003589,0.0,6864.087354785989,Amateur Radio
HORIZON (RS59S),2024-199Y,2024-12-31T21:39:21.431232,15.27243284,0.0015421,97.3798,230.9898,33.8025,326.4194,0,U,61757,999,5568,0.0016025,0.00043052,0.0,6862.19453011515,Amateur Radio
SIT-2086,2024-199AF,2025-01-01T02:13:34.064832,15.27272105,0.0012653,97.3773,231.175,43.56,316.6636,0,U,61764,999,5255,0.0013779,0.00036969,0.0,6862.108199316622,Amateur Radio
MORDOVIA-IOT (RS50S),2024-199AG,2024-12-31T22:37:39.267840,15.28318214,0.0015181,97.3796,231.0882,30.9238,329.2892,0,U,61765,999,5254,0.0018428,0.00051213,0.0,6858.976507561583,Amateur Radio
RUZAEVKA 390 (RS44S),2024-199AH,2024-12-31T21:06:45.419040,15.28118602,0.0014958,97.3795,231.0175,30.8827,329.3289,0,U,61766,999,5253,0.0017102,0.00047205,0.0,6859.573801607195,Amateur Radio
HYPERVIEW 1G (RS66S),2024-199AP,2024-12-31T22:36:21.214080,15.26133893,0.0018389,97.3769,230.9184,44.4829,315.7883,0,U,61772,999,5253,0.0014612,0.00037985,0.0,6865.519679522778,Amateur Radio
ALTAIR (RS65S),2024-199AW,2024-12-31T21:42:07.595712,15.24644622,0.0018636,97.3778,230.8202,45.8,314.4765,0,U,61779,999,5567,0.00077111,0.00019091,0.0,6869.989772801092,Amateur Radio
ASRTU-1 (AO-123),2024-199AY,2024-12-31T21:52:15.587328,15.24427321,0.001881,97.3777,230.8117,45.7649,314.5129,0,U,61781,999,5252,0.00086101,0.00021195,0.0,6870.642616948983,Amateur Radio
TUSUR GO (RS78S),2024-199AZ,2024-12-31T21:20:28.116384,15.25775977,0.001968,97.3773,230.8387,44.1552,316.1253,0,U,61782,999,5252,0.001526,0.00039282,0.0,6866.593311701805,Amateur Radio
SAMSAT-IONOSPHERE (RS75S),2024-199BB,2024-12-31T21:27:08.802432,15.25456622,0.0019419,97.3774,230.8319,44.8951,315.3853,0,U,61784,999,5567,0.0013366,0.0003404,0.0,6867.551627775444,Amateur Radio
RTU MIREA 1 (RS51S),2024-199BC,2024-12-31T21:25:10.758432,15.25534348,0.0019323,97.3773,230.834,44.394,315.8843,0,U,61785,999,5252,0.0013779,0.0003518,0.0,6867.318357882669,Amateur Radio
